State_Name,Year,month,Assembly_No,DelimID,Constituency_No,Poll_No,Position,Candidate,Sex,Party,Votes,Age,Candidate_Type,Valid_Votes,Electors,Constituency_Name,Constituency_Type,District_Name,Sub_Region,N_Cand,Turnout_Percentage,Vote_Share_Percentage,Deposit_Lost,Margin_Percentage,ENOP,pid,Normalized_Party
Andhra_Pradesh,2014,5,14,4,1,0,1,KONERU KONAPPA,M,BSP,49033,58,GEN,151288,190962,SIRPUR,GEN,ADILABAD,TELANGANA,11,79.22,32.41,no,5.84,4.35,AEAP1,BSP
Andhra_Pradesh,2014,5,14,4,2,0,1,NALLALA ODELU,M,TRS,64867,50,SC,127721,174748,CHENNUR,SC,ADILABAD,TELANGANA,15,73.09,50.79,no,20.49,2.86,AEAP13,TRS
Andhra_Pradesh,2014,5,14,4,3,0,1,DURGAM CHINNAIAH,M,TRS,73779,43,SC,119454,160990,BELLAMPALLE,SC,ADILABAD,TELANGANA,21,74.2,61.76,no,43.97,2.38,AEAP29,TRS
Andhra_Pradesh,2014,5,14,4,4,0,1,DIWAKAR RAO NADIPELLI,M,TRS,95171,61,GEN,154453,238486,MANCHERIAL,GEN,ADILABAD,TELANGANA,13,64.76,61.62,no,38.36,2.27,AEAP51,TRS
Andhra_Pradesh,2014,5,14,4,5,0,1,KOVA LAXMI,F,TRS,59094,45,ST,146438,190257,ASIFABAD,ST,ADILABAD,TELANGANA,8,76.97,40.35,no,13.01,3.85,AEAP65,TRS
Andhra_Pradesh,2014,5,14,4,6,0,1,AJMEERA REKHA,F,TRS,67442,39,ST,136717,186545,KHANAPUR,ST,ADILABAD,TELANGANA,6,73.29,49.33,no,28.17,3.12,AEAP74,TRS
Andhra_Pradesh,2014,5,14,4,7,0,1,JOGU RAMANNA,M,TRS,58705,51,GEN,143479,223262,ADILABAD,GEN,ADILABAD,TELANGANA,15,64.26,40.92,no,10.25,3.33,AEAP81,TRS
Andhra_Pradesh,2014,5,14,4,8,0,1,RATHOD BAPURAO,M,TRS,62870,52,ST,138499,176205,BOATH,ST,ADILABAD,TELANGANA,5,78.6,45.39,no,19.49,2.94,AEAP97,TRS
Andhra_Pradesh,2014,5,14,4,9,0,1,ALLOLLA INDRA KARAN REDDY,M,BSP,61368,65,GEN,161515,210177,NIRMAL,GEN,ADILABAD,TELANGANA,7,76.85,38,no,5.26,3.23,AEAP103,BSP
Andhra_Pradesh,2014,5,14,4,10,0,1,GADDIGARI VITTAL REDDY,M,INC,63322,59,GEN,162872,208874,MUDHOLE,GEN,ADILABAD,TELANGANA,6,77.98,38.88,no,9.11,3.23,AEAP111,INC
Andhra_Pradesh,2014,5,14,4,11,0,1,ASHANNAGARI JEEVAN REDDY,M,TRS,67555,38,GEN,135828,182821,ARMUR,GEN,NIZAMABAD,TELANGANA,8,74.3,49.74,no,10.28,2.44,AEAP118,TRS
Andhra_Pradesh,2014,5,14,4,12,0,1,SHAKIL,M,TRS,67427,38,GEN,153168,201666,BODHAN,GEN,NIZAMABAD,TELANGANA,11,75.95,44.02,no,10.37,3.03,AEAP127,TRS
Andhra_Pradesh,2014,5,14,4,13,0,1,HANMANTH SHINDE,M,TRS,72901,40,SC,141189,183699,JUKKAL,SC,NIZAMABAD,TELANGANA,11,76.86,51.63,no,25.15,2.86,AEAP10340,TRS
Andhra_Pradesh,2014,5,14,4,14,0,1,SRINIVAS REDDY PARIGE,M,TRS,65868,62,GEN,138151,179477,BANSWADA,GEN,NIZAMABAD,TELANGANA,9,76.97,47.68,no,17.32,2.94,AEAP151,TRS
Andhra_Pradesh,2014,5,14,4,15,0,1,EANUGU RAVINDER REDDY,M,TRS,70760,49,GEN,158015,199213,YELLAREDDY,GEN,NIZAMABAD,TELANGANA,7,79.32,44.78,no,15.19,3.03,AEAP161,TRS
Andhra_Pradesh,2014,5,14,4,16,0,1,GAMPA GOVARDHAN,M,TRS,71961,52,GEN,158046,219345,KAMAREDDY,GEN,NIZAMABAD,TELANGANA,10,72.05,45.53,no,5.49,2.63,AEAP15733,TRS
Andhra_Pradesh,2014,5,14,4,17,0,1,BIGALA GANESH,M,TRS,42148,44,GEN,135326,256951,NIZAMABAD,GEN,NIZAMABAD,TELANGANA,22,52.67,31.15,no,7.62,4.17,AEAP180,TRS
Andhra_Pradesh,2014,5,14,4,18,0,1,GOVERDHAN BAJI REDDY,M,TRS,78107,59,GEN,167906,231571,NIZAMABAD,GEN,NIZAMABAD,TELANGANA,11,72.51,46.52,no,15.81,3.03,AEAP15726,TRS
Andhra_Pradesh,2014,5,14,4,19,0,1,VEMULA PRASHANTH REDDY,M,TRS,69145,46,GEN,145622,198545,BALKONDA,GEN,NIZAMABAD,TELANGANA,12,73.34,47.48,no,24.89,3.23,AEAP215,TRS
Andhra_Pradesh,2014,5,14,4,20,0,1,KALVAKUNTLA VIDYA SAGAR RAO,M,TRS,58890,61,GEN,150601,218368,KORATLA,GEN,KARIMANAGAR,TELANGANA,12,68.97,39.1,no,13.67,3.85,AEAP228,TRS
Andhra_Pradesh,2014,5,14,4,21,0,1,JEEVAN REDDY THATIPARTHI,M,INC,62616,61,GEN,148528,206271,JAGTIAL,GEN,KARIMANAGAR,TELANGANA,11,72.01,42.16,no,5.27,2.94,AEAP241,INC
Andhra_Pradesh,2014,5,14,4,22,0,1,KOPPULA ESHWAR,M,TRS,67836,55,SC,146887,197408,DHARMAPURI,SC,KARIMANAGAR,TELANGANA,12,74.41,46.18,no,12.72,3.03,AEAP4661,TRS
Andhra_Pradesh,2014,5,14,4,23,0,1,SOMARAPU SATYANARAYANA,M,TRS,35789,65,GEN,137638,222478,RAMAGUNDAM,GEN,KARIMANAGAR,TELANGANA,27,61.87,26,no,1.67,5.88,AEAP266,TRS
Andhra_Pradesh,2014,5,14,4,24,0,1,PUTTA MADHUKAR,M,TRS,84037,42,GEN,170196,210232,MANTHANI,GEN,KARIMANAGAR,TELANGANA,9,80.96,49.38,no,11.38,2.63,AEAP294,TRS
Andhra_Pradesh,2014,5,14,4,25,0,1,MANOHAR REDDY DASARI,M,TRS,96220,60,GEN,167829,221013,PEDDAPALLE,GEN,KARIMANAGAR,TELANGANA,13,75.94,57.33,no,37.35,2.56,AEAP304,TRS
Andhra_Pradesh,2014,5,14,4,26,0,1,GANGULA KAMALAKAR,M,TRS,77209,46,GEN,188673,322595,KARIMNAGAR,GEN,KARIMANAGAR,TELANGANA,12,58.49,40.92,no,13.12,3.12,AEAP318,TRS
Andhra_Pradesh,2014,5,14,4,27,0,1,BODIGA SHOBHA,F,TRS,86841,39,SC,149395,204776,CHOPPADANDI,SC,KARIMANAGAR,TELANGANA,16,72.96,58.13,no,36.8,2.5,AEAP331,TRS
Andhra_Pradesh,2014,5,14,4,28,0,1,RAMESH CHENNAMANENI,M,TRS,58414,58,GEN,136518,186476,VEMULAWADA,GEN,KARIMANAGAR,TELANGANA,10,73.21,42.79,no,3.86,2.94,AEAP348,TRS
Andhra_Pradesh,2014,5,14,4,29,0,1,K.TARAKARAMA RAO (KTR),M,TRS,92135,38,GEN,157869,214433,SIRCILLA,GEN,KARIMANAGAR,TELANGANA,10,73.62,58.36,no,33.57,2.44,AEAP359,TRS
Andhra_Pradesh,2014,5,14,4,30,0,1,RASAMAI BALAKISHAN,M,TRS,85010,48,SC,156847,195380,MANAKONDUR,SC,KARIMANAGAR,TELANGANA,14,80.28,54.2,no,29.92,2.7,AEAP370,TRS
Andhra_Pradesh,2014,5,14,4,31,0,1,EATALA RAJENDER,M,TRS,95315,50,GEN,162201,209783,HUZURABAD,GEN,KARIMANAGAR,TELANGANA,9,77.32,58.76,no,35.16,2.38,AEAP385,TRS
Andhra_Pradesh,2014,5,14,4,32,0,1,VODITHELA SATHISH KUMAR,M,TRS,96517,45,GEN,175485,217367,HUSNABAD,GEN,KARIMANAGAR,TELANGANA,13,80.73,55,no,19.53,2.33,AEAP395,TRS
Andhra_Pradesh,2014,5,14,4,33,0,1,THANNEERU HARISH RAO,M,TRS,108699,42,GEN,151049,202385,SIDDIPET,GEN,MEDAK,TELANGANA,11,74.63,71.96,no,61.79,1.85,AEAP409,TRS
Andhra_Pradesh,2014,5,14,4,34,0,1,M.PADMA DEVENDER REDDY,F,TRS,89654,44,GEN,158292,203709,MEDAK,GEN,MEDAK,TELANGANA,11,77.7,56.64,no,25.02,2.38,AEAP421,TRS
Andhra_Pradesh,2014,5,14,4,35,0,1,PATLOLLA KISHTA REDDY,M,INC,62347,66,GEN,157868,203052,NARAYANKHED,GEN,MEDAK,TELANGANA,8,77.75,39.49,no,9.34,3.12,AEAP433,INC
Andhra_Pradesh,2014,5,14,4,36,0,1,BABUMOHANPALLY,M,TRS,87087,59,SC,180762,226779,ANDOLE,SC,MEDAK,TELANGANA,5,79.71,48.18,no,1.82,2.27,AEAP450,TRS
Andhra_Pradesh,2014,5,14,4,37,0,1,CHILUMULA MADAN REDDY,M,TRS,85890,59,GEN,175286,203644,NARSAPUR,GEN,MEDAK,TELANGANA,8,86.07,49,no,8.11,2.44,AEAP12449,TRS
Andhra_Pradesh,2014,5,14,4,38,0,1,DR. JETTY GEETA,F,INC,57558,69,SC,165981,233789,ZAHIRABAD,SC,MEDAK,TELANGANA,11,71,34.68,no,0.51,3.33,AEAP465,INC
Andhra_Pradesh,2014,5,14,4,39,0,1,CHINTA PRABHAKAR,M,TRS,82860,54,GEN,157445,212858,SANGAREDDY,GEN,MEDAK,TELANGANA,13,73.97,52.63,no,18.75,2.5,AEAP477,TRS
Andhra_Pradesh,2014,5,14,4,40,0,1,GUDEM MAIPAL REDDY,M,TRS,73986,47,GEN,199618,293482,PATANCHERU,GEN,MEDAK,TELANGANA,17,68.02,37.06,no,9.46,4,AEAP491,TRS
Andhra_Pradesh,2014,5,14,4,41,0,1,SOLIPTETA RAMA LINGA REDDY,M,TRS,82231,53,GEN,154083,186452,DUBBAK,GEN,MEDAK,TELANGANA,11,82.64,53.37,no,24.61,2.7,AEAP10258,TRS
Andhra_Pradesh,2014,5,14,4,42,0,1,KALVAKUNTLA CHANDRASHEKAR RAO,M,TRS,86694,60,GEN,196759,233636,GAJWEL,GEN,MEDAK,TELANGANA,10,84.22,44.06,no,9.86,2.94,AEAP521,TRS
Andhra_Pradesh,2014,5,14,4,43,0,1,MALIPEDHI SUDHEER REDDY,M,TRS,114235,61,GEN,263134,432264,MEDCHAL,GEN,RANGAREDDI,TELANGANA,19,60.87,43.41,no,16.51,3.23,AEAP532,TRS
Andhra_Pradesh,2014,5,14,4,44,0,1,C. KANAKA REDDY,M,TRS,77132,56,GEN,230823,446875,MALKAJGIRI,GEN,RANGAREDDI,TELANGANA,23,51.65,33.42,no,1.2,4.17,AEAP552,TRS
Andhra_Pradesh,2014,5,14,4,45,0,1,K.P. VIVEKANAND,M,TDP,114363,36,GEN,290418,601248,QUTHBULLAPUR,GEN,RANGAREDDI,TELANGANA,23,48.3,39.38,no,13.44,3.85,AEAP576,TDP
Andhra_Pradesh,2014,5,14,4,46,0,1,MADHAVARAM KRISHNA RAO,M,TDP,99874,46,GEN,232239,469352,KUKATPALLE,GEN,RANGAREDDI,TELANGANA,29,49.48,43,no,18.6,3.85,AEAP600,TDP
Andhra_Pradesh,2014,5,14,4,47,0,1,NVSS PRABHAKAR,M,BJP,82395,48,GEN,225935,454734,UPPAL,GEN,RANGAREDDI,TELANGANA,27,49.69,36.47,no,6.27,4,AEAP630,BJP
Andhra_Pradesh,2014,5,14,4,48,0,1,MANCHIREDDY KISHAN REDDY,M,TDP,48397,61,GEN,181443,230388,IBRAHIMPATNAM,GEN,RANGAREDDI,TELANGANA,26,78.76,26.67,no,6.09,5.88,AEAP658,TDP
Andhra_Pradesh,2014,5,14,4,49,0,1,RYAGA KRISHNAIAH,M,TDP,84316,60,GEN,250852,529717,LAL BAHADUR NAGAR,GEN,RANGAREDDI,TELANGANA,29,47.36,33.61,no,4.99,4,AEAP685,TDP
Andhra_Pradesh,2014,5,14,4,50,0,1,TEEGALA KRISHNA REDDY,M,TDP,93305,66,GEN,217679,403729,MAHESWARAM,GEN,RANGAREDDI,TELANGANA,21,53.92,42.86,no,14.14,3.33,GEAP36108,TDP
Andhra_Pradesh,2014,5,14,4,51,0,1,T.PRAKASH GOUD,M,TDP,77843,55,GEN,229586,387355,RAJENDRANAGAR,GEN,RANGAREDDI,TELANGANA,23,59.27,33.91,no,11.27,4.35,AEAP737,TDP
Andhra_Pradesh,2014,5,14,4,52,0,1,AREKAPUDI GANDHI,M,TDP,129796,53,GEN,282944,591281,SERILINGAMPALLY,GEN,RANGAREDDI,TELANGANA,21,47.85,45.87,no,26.95,3.57,AEAP761,TDP
Andhra_Pradesh,2014,5,14,4,53,0,1,KALE YADAIAH,M,INC,64182,52,SC,162571,205757,CHEVELLA,SC,RANGAREDDI,TELANGANA,13,79.01,39.48,no,0.48,3.12,AEAP783,INC
Andhra_Pradesh,2014,5,14,4,54,0,1,TAMMANNAGARI RAM MOHAN REDDY,M,INC,68098,49,GEN,150178,211875,PARGI,GEN,RANGAREDDI,TELANGANA,9,70.88,45.34,no,3.44,2.5,AEAP797,INC
Andhra_Pradesh,2014,5,14,4,55,0,1,B.SANJEEVA RAO,M,TRS,64592,60,SC,137901,195951,VICARABAD,SC,RANGAREDDI,TELANGANA,12,70.38,46.84,no,7.3,2.63,AEAP807,TRS
Andhra_Pradesh,2014,5,14,4,56,0,1,P. MAHENDER REDDY,M,TRS,61293,50,GEN,133324,189216,TANDUR,GEN,RANGAREDDI,TELANGANA,9,70.46,45.97,no,12.06,2.94,AEAP12219,TRS
Andhra_Pradesh,2014,5,14,4,57,0,1,DR.K LAXMAN,M,BJP,65209,58,GEN,150884,275194,MUSHEERABAD,GEN,HYDERABAD,TELANGANA,23,54.83,43.22,no,18.15,3.57,AEAP830,BJP
Andhra_Pradesh,2014,5,14,4,58,0,1,AHMED BIN ABDULLAH BALALA,M,AIMIM,58976,44,GEN,124843,261710,MALAKPET,GEN,HYDERABAD,TELANGANA,15,47.7,47.24,no,18.63,3.23,AEAP854,AIMIM
Andhra_Pradesh,2014,5,14,4,59,0,1,G.KISHAN REDDY,M,BJP,81430,54,GEN,146189,265008,AMBERPET,GEN,HYDERABAD,TELANGANA,32,55.16,55.7,no,42.82,2.86,AEAP870,BJP
Andhra_Pradesh,2014,5,14,4,60,0,1,CHINTALA RAMA CHANDRA REDDY,M,BJP,53102,59,GEN,143865,268683,KHAIRATABAD,GEN,HYDERABAD,TELANGANA,30,53.54,36.91,no,14.49,4.17,AEAP15481,BJP
Andhra_Pradesh,2014,5,14,4,61,0,1,MAGANTI GOPINATH,M,TDP,50898,50,GEN,165368,329522,JUBILEE HILLS,GEN,HYDERABAD,TELANGANA,21,50.18,30.78,no,5.59,5,AEAP934,TDP
Andhra_Pradesh,2014,5,14,4,62,0,1,TALASANI SRINIVAS YADAV,M,TDP,56475,48,GEN,124746,235953,SANATHNAGAR,GEN,HYDERABAD,TELANGANA,22,52.87,45.27,no,22.01,3.45,AEAP956,TDP
Andhra_Pradesh,2014,5,14,4,63,0,1,JAFFAR HUSSAIN,M,AIMIM,64066,54,GEN,134936,279720,NAMPALLY,GEN,HYDERABAD,TELANGANA,23,48.24,47.48,no,13.12,2.86,AEAP979,AIMIM
Andhra_Pradesh,2014,5,14,4,64,0,1,KAUSAR MOINUDDIN,M,AIMIM,86391,42,GEN,160129,287977,KARWAN,GEN,HYDERABAD,TELANGANA,17,55.6,53.95,no,23.59,2.63,AEAP1003,AIMIM
Andhra_Pradesh,2014,5,14,4,65,0,1,T. RAJA SINGH,M,BJP,92757,36,GEN,158528,286308,GOSHAMAHAL,GEN,HYDERABAD,TELANGANA,16,55.37,58.51,no,29.52,2.38,AEAP1021,BJP
Andhra_Pradesh,2014,5,14,4,66,0,1,SYED AHMED PASHA QUADRI,M,AIMIM,62941,60,GEN,110212,196120,CHARMINAR,GEN,HYDERABAD,TELANGANA,14,56.2,57.11,no,33.22,2.5,AEAP1038,AIMIM
Andhra_Pradesh,2014,5,14,4,67,0,1,AKBARUDDIN OWAISI,M,AIMIM,80393,43,GEN,135831,263350,CHANDRAYANGUTTA,GEN,HYDERABAD,TELANGANA,19,51.58,59.19,no,43.64,2.56,AEAP12391,AIMIM
Andhra_Pradesh,2014,5,14,4,68,0,1,MUMTAZ AHMED KHAN,M,AIMIM,66843,66,GEN,145824,283860,YAKUTPURA,GEN,HYDERABAD,TELANGANA,14,51.37,45.84,no,23.61,3.33,AEAP15584,AIMIM
Andhra_Pradesh,2014,5,14,4,69,0,1,MOHD. MOAZAM KHAN,M,AIMIM,106874,44,GEN,136209,243892,BAHADURPURA,GEN,HYDERABAD,TELANGANA,11,55.85,78.46,no,69.78,1.59,AEAP1088,AIMIM
Andhra_Pradesh,2014,5,14,4,70,0,1,T. PADMA RAO,M,TRS,57920,60,GEN,136603,239661,SECUNDERABAD,GEN,HYDERABAD,TELANGANA,31,57,42.4,no,19.02,3.85,AEAP1100,TRS
Andhra_Pradesh,2014,5,14,4,71,0,1,G .SAYANNA,M,TDP,44693,63,SC,125894,248893,SECUNDERABAD CANTT.,SC,HYDERABAD,TELANGANA,10,50.58,35.5,no,2.6,3.7,AEAP1132,TDP
Andhra_Pradesh,2014,5,14,4,72,0,1,ANUMULA REVANTH REDDY,M,TDP,54026,46,GEN,138300,197649,KODANGAL,GEN,MAHABUBNAGAR,TELANGANA,7,69.97,39.06,no,10.57,3.33,AEAP1143,TDP
Andhra_Pradesh,2014,5,14,4,73,0,1,S.RAJENDER REDDY,M,TDP,40107,49,GEN,136538,199018,NARAYANPET,GEN,MAHABUBNAGAR,TELANGANA,8,68.61,29.37,no,1.66,4,AEAP1151,TDP
Andhra_Pradesh,2014,5,14,4,74,0,1,SRINIVAS GOUD. V,M,TRS,45447,45,GEN,148172,219880,MAHBUBNAGAR,GEN,MAHABUBNAGAR,TELANGANA,13,67.39,30.67,no,2.12,4.55,AEAP1160,TRS
Andhra_Pradesh,2014,5,14,4,75,0,1,CHARLAKOLA LAXMA REDDY,M,TRS,70654,52,GEN,146363,191077,JADCHERLA,GEN,MAHABUBNAGAR,TELANGANA,7,76.6,48.27,no,10.07,2.56,AEAP1174,TRS
Andhra_Pradesh,2014,5,14,4,76,0,1,ALLA VENKATESHWAR REDDY,M,TRS,66354,46,GEN,150024,208413,DEVARKADRA,GEN,MAHABUBNAGAR,TELANGANA,7,71.98,44.23,no,11.28,2.94,AEAP1182,TRS
Andhra_Pradesh,2014,5,14,4,77,0,1,CHITTEM RAM MOHAN REDDY,M,INC,51632,51,GEN,141633,209537,MAKTHAL,GEN,MAHABUBNAGAR,TELANGANA,14,67.59,36.45,no,7.08,3.57,AEAP1190,INC
Andhra_Pradesh,2014,5,14,4,78,0,1,DR.G.CHINNA REDDY,M,INC,59543,58,GEN,168291,236908,WANAPARTHY,GEN,MAHABUBNAGAR,TELANGANA,12,71.04,35.38,no,2.55,3.23,AEAP19319,INC
Andhra_Pradesh,2014,5,14,4,79,0,1,ARUNA D. K,F,INC,83355,53,GEN,171728,212787,GADWAL,GEN,MAHABUBNAGAR,TELANGANA,13,80.7,48.54,no,4.81,2.33,AEAP1218,INC
Andhra_Pradesh,2014,5,14,4,80,0,1,S.A.SAMPATH KUMAR,M,INC,57419,41,SC,158344,210104,ALAMPUR,SC,MAHABUBNAGAR,TELANGANA,11,75.36,36.26,no,4.25,3.45,AEAP1232,INC
Andhra_Pradesh,2014,5,14,4,81,0,1,MARRI JANARDHAN REDDY,M,TRS,62470,46,GEN,151117,204630,NAGARKURNOOL,GEN,MAHABUBNAGAR,TELANGANA,14,73.85,41.34,no,9.55,3.33,AEAP1244,TRS
Andhra_Pradesh,2014,5,14,4,82,0,1,GUVVALA BALARAJU,M,TRS,62584,36,SC,146645,204850,ACHAMPET,SC,MAHABUBNAGAR,TELANGANA,7,71.59,42.68,no,8.06,3.03,AEAP1259,TRS
Andhra_Pradesh,2014,5,14,4,83,0,1,CHALLA VAMSHICHAND REDDY,M,INC,42782,33,GEN,161799,199714,KALWAKURTHY,GEN,MAHABUBNAGAR,TELANGANA,10,81.02,26.44,no,0.05,5,AEAP1267,INC
Andhra_Pradesh,2014,5,14,4,84,0,1,ANJAIAH YELGANAMONI,M,TRS,70315,59,GEN,154985,193094,SHADNAGAR,GEN,MAHABUBNAGAR,TELANGANA,14,80.26,45.37,no,11.18,2.86,AEAP1278,TRS
Andhra_Pradesh,2014,5,14,4,85,0,1,JUPALLY KRISHNA RAO,M,TRS,72741,50,GEN,155224,208312,KOLLAPUR,GEN,MAHABUBNAGAR,TELANGANA,12,74.52,46.86,no,6.76,2.63,AEAP1293,TRS
Andhra_Pradesh,2014,5,14,4,86,0,1,RAVINDRA KUMAR RAMAVATH,M,CPI,57717,42,ST,161940,211791,DEVARAKONDA,ST,NALGONDA,TELANGANA,10,76.46,35.64,no,2.6,3.33,AEAP1306,CPI
Andhra_Pradesh,2014,5,14,4,87,0,1,JANA REDDY KUNDURU,M,INC,69684,67,GEN,163128,203874,NAGARJUNA SAGAR,GEN,NALGONDA,TELANGANA,13,80.01,42.72,no,10.1,3.12,AEAP1317,INC
Andhra_Pradesh,2014,5,14,4,88,0,1,BHASKAR RAO NALLAMOTHU,M,INC,62059,62,GEN,165189,207205,MIRYALAGUDA,GEN,NALGONDA,TELANGANA,8,79.72,37.57,no,3.66,3.45,AEAP1331,INC
Andhra_Pradesh,2014,5,14,4,89,0,1,UTTAM KUMAR REDDY NALAMADA,M,INC,69879,51,GEN,179438,220141,HUZURNAGAR,GEN,NALGONDA,TELANGANA,9,81.51,38.94,no,13.33,3.7,AEAP5761,INC
Andhra_Pradesh,2014,5,14,4,90,0,1,PADMAVATHI REDDY NALAMADA,F,INC,81966,46,GEN,181326,213272,KODAD,GEN,NALGONDA,TELANGANA,17,85.02,45.2,no,7.38,2.86,AEAP1350,INC
Andhra_Pradesh,2014,5,14,4,91,0,1,GUNTAKANDLA JAGADISH REDDY,M,TRS,43554,49,GEN,172701,216157,SURYAPET,GEN,NALGONDA,TELANGANA,15,79.9,25.22,no,1.28,4.55,AEAP5762,TRS
Andhra_Pradesh,2014,5,14,4,92,0,1,KOMATIREDDY VENKAT REDDY,M,INC,60774,51,GEN,166194,221903,NALGONDA,GEN,NALGONDA,TELANGANA,15,74.89,36.57,no,6.35,3.7,AEAP12890,INC
Andhra_Pradesh,2014,5,14,4,93,0,1,KOOSUKUNTLA PRABHAKAR REDDY,M,TRS,65496,53,GEN,171786,209138,MUNUGODE,GEN,NALGONDA,TELANGANA,23,82.14,38.13,no,22.15,4.55,AEAP1400,TRS
Andhra_Pradesh,2014,5,14,4,94,0,1,PAILLA SHEKAR REDDY,M,TRS,54686,46,GEN,159166,186645,BHONGIR,GEN,NALGONDA,TELANGANA,10,85.28,34.36,no,9.69,4.17,AEAP1424,TRS
Andhra_Pradesh,2014,5,14,4,95,0,1,VEMULA VEERESHAM,M,TRS,62445,36,SC,179746,225475,NAKREKAL,SC,NALGONDA,TELANGANA,11,79.72,34.74,no,1.32,3.45,AEAP1435,TRS
Andhra_Pradesh,2014,5,14,4,96,0,1,GADARI KISHORE KUMAR,M,TRS,64382,32,SC,174515,223606,THUNGATHURTHI,SC,NALGONDA,TELANGANA,15,78.05,36.89,no,1.36,3.33,AEAP1447,TRS
Andhra_Pradesh,2014,5,14,4,97,0,1,GONGIDI SUNITHA,F,TRS,91737,44,GEN,174071,203038,ALAIR,GEN,NALGONDA,TELANGANA,15,85.73,52.7,no,18.08,2.5,AEAP1463,TRS
Andhra_Pradesh,2014,5,14,4,98,0,1,MUTHIREDDY YADAGIRI REDDY,M,TRS,84074,60,GEN,172291,213950,JANGOAN,GEN,WARANGAL,TELANGANA,19,80.53,48.8,no,18.98,2.86,AEAP1479,TRS
Andhra_Pradesh,2014,5,14,4,99,0,1,THATIKONDA RAJAIAH,M,TRS,103662,55,SC,179265,222607,GHANPUR,SC,WARANGAL,TELANGANA,10,80.53,57.83,no,32.82,2.5,AEAP1499,TRS
Andhra_Pradesh,2014,5,14,4,100,0,1,DAYAKER RAO ERRABELLI,M,TDP,57799,53,GEN,175198,205637,PALAKURTHI,GEN,WARANGAL,TELANGANA,14,85.2,32.99,no,2.46,3.45,AEAP5915,TDP
Andhra_Pradesh,2014,5,14,4,101,0,1,D.S. REDYA NAIK,M,INC,84170,62,ST,164681,191358,DORNAKAL,ST,WARANGAL,TELANGANA,8,86.06,51.11,no,14.29,2.5,AEAP1525,INC
Andhra_Pradesh,2014,5,14,4,102,0,1,BANOTH SHANKAR NAYAK,M,TRS,78370,49,ST,175027,216685,MAHABUBABAD,ST,WARANGAL,TELANGANA,12,80.77,44.78,no,5.32,2.7,AEAP1534,TRS
Andhra_Pradesh,2014,5,14,4,103,0,1,DONTHI MADHAVA REDDY,M,IND,76144,58,GEN,181337,205605,NARSAMPET,GEN,WARANGAL,TELANGANA,12,88.2,41.99,no,10.13,3.12,AEAP12723,IND
Andhra_Pradesh,2014,5,14,4,104,0,1,CHALLA DHARMA REDDY,M,TDP,67432,46,GEN,164220,193450,PARKAL,GEN,WARANGAL,TELANGANA,14,84.89,41.06,no,5.55,3.03,AEAP1560,TDP
Andhra_Pradesh,2014,5,14,4,105,0,1,DASYAM VINAY BHASKER,M,TRS,83492,50,GEN,140772,244613,WARANGAL WEST,GEN,WARANGAL,TELANGANA,16,57.55,59.31,no,40,2.44,AEAP17947,TRS
Andhra_Pradesh,2014,5,14,4,106,0,1,KONDA SUREKHA,F,TRS,88641,47,GEN,148180,205343,WARANGAL EAST,GEN,WARANGAL,TELANGANA,13,72.16,59.82,no,37.17,2.38,GEAP118,TRS
Andhra_Pradesh,2014,5,14,4,107,0,1,AROORI RAMESH,M,TRS,117708,47,SC,177938,228325,WARADHANAPET,SC,WARANGAL,TELANGANA,12,77.93,66.15,no,48.83,2.08,AEAP1606,TRS
Andhra_Pradesh,2014,5,14,4,108,0,1,MADHUSUDANA CHARY SIRIKONDA,M,TRS,65113,57,GEN,189612,237803,BHUPALPALLE,GEN,WARANGAL,TELANGANA,12,79.73,34.34,no,3.8,3.33,AEAP1619,TRS
Andhra_Pradesh,2014,5,14,4,109,0,1,AZMEERA CHANDULAL,M,TRS,58325,63,ST,152834,196430,MULUG,ST,WARANGAL,TELANGANA,11,77.81,38.16,no,10.73,3.33,AEAP1632,TRS
Andhra_Pradesh,2014,5,14,4,110,0,1,PAYAM VENKATESWARLU,M,YSRCP,42475,40,ST,134697,171561,PINAPAKA,ST,KHAMMAM,TELANGANA,12,78.51,31.53,no,10.44,5,AEAP1644,YSRCP
Andhra_Pradesh,2014,5,14,4,111,0,1,KORAM KANAKAIAH,M,INC,44945,53,ST,150738,188877,YELLANDU,ST,KHAMMAM,TELANGANA,15,79.81,29.82,no,7.63,5.26,AEAP1657,INC
Andhra_Pradesh,2014,5,14,4,112,0,1,AJAY KUMAR PUVVADA,M,INC,70465,48,GEN,185886,264079,KHAMMAM,GEN,KHAMMAM,TELANGANA,25,70.39,37.91,no,3.06,3.45,AEAP1673,INC
Andhra_Pradesh,2014,5,14,4,113,0,1,RAMIREDDY VENKATAREDDY,M,INC,69707,68,GEN,177461,196479,PALAIR,GEN,KHAMMAM,TELANGANA,15,90.32,39.28,no,12.32,3.57,AEAP6165,INC
Andhra_Pradesh,2014,5,14,4,114,0,1,BHATTI VIKRAMARKA MALLU,M,INC,65135,53,SC,176950,196961,MADHIRA,SC,KHAMMAM,TELANGANA,16,89.84,36.81,no,6.97,3.33,AEAP1728,INC
Andhra_Pradesh,2014,5,14,4,115,0,1,BANOTH MADAN LAL,M,YSRCP,59318,50,ST,147011,168112,WYRA,ST,KHAMMAM,TELANGANA,10,87.45,40.35,no,7.2,3.33,AEAP1745,YSRCP
Andhra_Pradesh,2014,5,14,4,116,0,1,SANDRA VENKATA VEERAIAH,M,TDP,75490,46,SC,190265,221730,SATHUPALLE,SC,KHAMMAM,TELANGANA,8,85.81,39.68,no,1.31,2.94,AEAP1756,TDP
Andhra_Pradesh,2014,5,14,4,117,0,1,VENKAT RAO JALAGAM,M,TRS,50688,46,GEN,165263,225403,KOTHAGUDEM,GEN,KHAMMAM,TELANGANA,12,73.32,30.67,no,10,5,GEAP30734,TRS
Andhra_Pradesh,2014,5,14,4,118,0,1,THATI VENKATESWARLU,M,YSRCP,49546,51,ST,143656,167503,ASWARAOPETA,ST,KHAMMAM,TELANGANA,15,85.76,34.49,no,0.65,4,AEAP1778,YSRCP
Andhra_Pradesh,2014,5,14,4,119,0,1,SUNNAM RAJAIAH,M,CPM,57750,56,ST,166049,216772,BHADRACHALAM,ST,KHAMMAM,TELANGANA,15,76.6,34.78,no,1.09,4,AEAP12790,CPM
,2015,,,,,,,,,,,,,,,,,,,,,,,,,,
,2016,,,,,,,,,,,,,,,,,,,,,,,,,,
