State_Name,Year,month,Assembly_No,DelimID,Constituency_No,Poll_No,Position,Candidate,Sex,Party,Votes,Age,Candidate_Type,Valid_Votes,Electors,Constituency_Name,Constituency_Type,District_Name,Sub_Region,N_Cand,Turnout_Percentage,Vote_Share_Percentage,Deposit_Lost,Margin_Percentage,ENOP,pid
Mizoram,2013,12,11,4,1,0,1,LALRINMAWIA RALTE,M,INC,7852,50,ST,17315,21156,HACHHEK,ST,MAMIT,NA,5,81.84,45.35,no,13.47,3.03,INC
Mizoram,2013,12,11,4,1,0,2,SAIKAPTHIANGA,M,MNF,5519,59,ST,17315,21156,HACHHEK,ST,MAMIT,NA,5,81.84,31.87,no,17.63,3.03,MNF
Mizoram,2013,12,11,4,1,0,3,LALHMINGTHANGA,M,NCP,2467,30,ST,17315,21156,HACHHEK,ST,MAMIT,NA,5,81.84,14.25,yes,7.67,3.03,NCP
Mizoram,2013,12,11,4,1,0,4,LALZAMLOVA TOCHHAWNG,M,ZNP,1139,38,ST,17315,21156,HACHHEK,ST,MAMIT,NA,5,81.84,6.58,yes,5.52,3.03,ZNP
Mizoram,2013,12,11,4,1,0,5,None of the Above,,NOTA,183,NA,,17315,21156,HACHHEK,ST,MAMIT,NA,5,81.84,1.06,yes,0.16,3.03,NOTA
Mizoram,2013,12,11,4,1,0,6,PAZAWNA,M,BJP,155,27,ST,17315,21156,HACHHEK,ST,MAMIT,NA,5,81.84,0.9,yes,0,3.03,BJP
Mizoram,2013,12,11,4,2,0,1,LALROBIAKA,M,INC,6172,49,ST,14263,16205,DAMPA,ST,MAMIT,NA,4,88.02,43.27,no,8.14,2.86,INC
Mizoram,2013,12,11,4,2,0,2,LIANSUAMA,M,MNF,5011,65,ST,14263,16205,DAMPA,ST,MAMIT,NA,4,88.02,35.13,no,14.95,2.86,MNF
Mizoram,2013,12,11,4,2,0,3,LALRIMAWIA,M,ZNP,2878,48,ST,14263,16205,DAMPA,ST,MAMIT,NA,4,88.02,20.18,no,19.33,2.86,ZNP
Mizoram,2013,12,11,4,2,0,4,R LALTAWNLIANA,M,BJP,121,53,ST,14263,16205,DAMPA,ST,MAMIT,NA,4,88.02,0.85,yes,0.28,2.86,BJP
Mizoram,2013,12,11,4,2,0,5,None of the Above,,NOTA,81,NA,,14263,16205,DAMPA,ST,MAMIT,NA,4,88.02,0.57,yes,0,2.86,NOTA
Mizoram,2013,12,11,4,3,0,1,JOHN ROTLUANGLIANA,M,INC,7798,50,ST,17021,19781,MAMIT,ST,MAMIT,NA,5,86.05,45.81,no,14.63,2.94,INC
Mizoram,2013,12,11,4,3,0,2,H.B. LIANMUNGA,M,MNF,5308,51,ST,17021,19781,MAMIT,ST,MAMIT,NA,5,86.05,31.19,no,17.27,2.94,MNF
Mizoram,2013,12,11,4,3,0,3,BIAKTHUAMA MOLSHOY,M,NCP,2368,35,ST,17021,19781,MAMIT,ST,MAMIT,NA,5,86.05,13.91,yes,6.3,2.94,NCP
Mizoram,2013,12,11,4,3,0,4,H LALTANPUIA,M,ZNP,1296,37,ST,17021,19781,MAMIT,ST,MAMIT,NA,5,86.05,7.61,yes,6.73,2.94,ZNP
Mizoram,2013,12,11,4,3,0,5,None of the Above,,NOTA,151,NA,,17021,19781,MAMIT,ST,MAMIT,NA,5,86.05,0.89,yes,0.3,2.94,NOTA
Mizoram,2013,12,11,4,3,0,6,C DARLIANTHANGA,M,BJP,100,62,ST,17021,19781,MAMIT,ST,MAMIT,NA,5,86.05,0.59,yes,0,2.94,BJP
Mizoram,2013,12,11,4,4,0,1,HMINGDAILOVA KHIANGTE,M,INC,5119,68,ST,13084,15718,TUIRIAL,ST,KOLASIB,NA,3,83.24,39.12,no,1.83,2.94,INC
Mizoram,2013,12,11,4,4,0,2,JOSEPH L. RALTE,M,ZNP,4880,45,ST,13084,15718,TUIRIAL,ST,KOLASIB,NA,3,83.24,37.3,no,14.51,2.94,ZNP
Mizoram,2013,12,11,4,4,0,3,DR. KENNETH CHAWNGLIANA,M,MPC,2982,67,ST,13084,15718,TUIRIAL,ST,KOLASIB,NA,3,83.24,22.79,no,22,2.94,MPC
Mizoram,2013,12,11,4,4,0,4,None of the Above,,NOTA,103,NA,,13084,15718,TUIRIAL,ST,KOLASIB,NA,3,83.24,0.79,yes,0,2.94,NOTA
Mizoram,2013,12,11,4,5,0,1,P.C. ZORAM SANGLIANA,M,INC,6078,57,ST,15970,19047,KOLASIB,ST,KOLASIB,NA,4,83.85,38.06,no,3.73,3.03,INC
Mizoram,2013,12,11,4,5,0,2,LALCHAMLIANA,M,MNF,5483,58,ST,15970,19047,KOLASIB,ST,KOLASIB,NA,4,83.85,34.33,no,8.48,3.03,MNF
Mizoram,2013,12,11,4,5,0,3,LALDUHOMA,M,ZNP,4128,64,ST,15970,19047,KOLASIB,ST,KOLASIB,NA,4,83.85,25.85,no,24.85,3.03,ZNP
Mizoram,2013,12,11,4,5,0,4,RAMFANGZAUVI,F,BJP,159,55,ST,15970,19047,KOLASIB,ST,KOLASIB,NA,4,83.85,1,yes,0.23,3.03,BJP
Mizoram,2013,12,11,4,5,0,5,None of the Above,,NOTA,122,NA,,15970,19047,KOLASIB,ST,KOLASIB,NA,4,83.85,0.76,yes,0,3.03,NOTA
Mizoram,2013,12,11,4,6,0,1,K. LALRINTHANGA,M,INC,5664,56,ST,13980,16858,SERLUI,ST,KOLASIB,NA,4,82.93,40.52,no,10.06,3.23,INC
Mizoram,2013,12,11,4,6,0,2,LALHMINGLIANA,M,MNF,4258,57,ST,13980,16858,SERLUI,ST,KOLASIB,NA,4,82.93,30.46,no,5.07,3.23,MNF
Mizoram,2013,12,11,4,6,0,3,R. LALAWIA,M,ZNP,3549,72,ST,13980,16858,SERLUI,ST,KOLASIB,NA,4,82.93,25.39,no,22.85,3.23,ZNP
Mizoram,2013,12,11,4,6,0,4,H.A. DAWNGLIANA,M,BJP,354,51,ST,13980,16858,SERLUI,ST,KOLASIB,NA,4,82.93,2.53,yes,1.42,3.23,BJP
Mizoram,2013,12,11,4,6,0,5,None of the Above,,NOTA,155,NA,,13980,16858,SERLUI,ST,KOLASIB,NA,4,82.93,1.11,yes,0,3.23,NOTA
Mizoram,2013,12,11,4,7,0,1,R. L. PIANMAWIA,M,INC,5668,56,ST,12483,15088,TUIVAWL,ST,TUIVAWL,NA,4,82.73,45.41,no,10.98,2.7,INC
Mizoram,2013,12,11,4,7,0,2,GOGO LALREMTLUANGA,M,MNF,4297,37,ST,12483,15088,TUIVAWL,ST,TUIVAWL,NA,4,82.73,34.42,no,15.1,2.7,MNF
Mizoram,2013,12,11,4,7,0,3,LALMUANPUIA PUNTE,M,ZNP,2412,46,ST,12483,15088,TUIVAWL,ST,TUIVAWL,NA,4,82.73,19.32,no,18.82,2.7,ZNP
Mizoram,2013,12,11,4,7,0,4,C. RAMKINLOVA,M,BJP,63,58,ST,12483,15088,TUIVAWL,ST,TUIVAWL,NA,4,82.73,0.5,yes,0.16,2.7,BJP
Mizoram,2013,12,11,4,7,0,5,None of the Above,,NOTA,43,NA,,12483,15088,TUIVAWL,ST,TUIVAWL,NA,4,82.73,0.34,yes,0,2.7,NOTA
Mizoram,2013,12,11,4,8,0,1,DR. NGURDINGLIANA,M,INC,7174,47,ST,14111,17239,CHALFILH,ST,TUIVAWL,NA,3,81.86,50.84,no,26.42,2.63,INC
Mizoram,2013,12,11,4,8,0,2,L. T. KIMA FANAI,M,MPC,3446,53,ST,14111,17239,CHALFILH,ST,TUIVAWL,NA,3,81.86,24.42,no,0.55,2.63,MPC
Mizoram,2013,12,11,4,8,0,3,J. LALCHHANHIMA,M,ZNP,3368,51,ST,14111,17239,CHALFILH,ST,TUIVAWL,NA,3,81.86,23.87,no,23,2.63,ZNP
Mizoram,2013,12,11,4,8,0,4,None of the Above,,NOTA,123,NA,,14111,17239,CHALFILH,ST,TUIVAWL,NA,3,81.86,0.87,yes,0,2.63,NOTA
Mizoram,2013,12,11,4,9,0,1,R LALZIRLIANA,M,INC,5757,64,ST,12674,14566,TAWI,ST,TUIVAWL,NA,3,87.01,45.42,no,7.47,2.63,INC
Mizoram,2013,12,11,4,9,0,2,LALMALSAWMI,F,MNF,4810,43,ST,12674,14566,TAWI,ST,TUIVAWL,NA,3,87.01,37.95,no,21.99,2.63,MNF
Mizoram,2013,12,11,4,9,0,3,R. LALTHATLUANGA,M,ZNP,2023,49,ST,12674,14566,TAWI,ST,TUIVAWL,NA,3,87.01,15.96,yes,15.3,2.63,ZNP
Mizoram,2013,12,11,4,9,0,4,None of the Above,,NOTA,84,NA,,12674,14566,TAWI,ST,TUIVAWL,NA,3,87.01,0.66,yes,0,2.63,NOTA
Mizoram,2013,12,11,4,10,0,1,R. ROMAWIA,M,INC,5970,66,ST,16099,20356,AIZAWL NORTH - I,ST,TUIVAWL,NA,4,79.09,37.08,no,4.08,3.03,INC
Mizoram,2013,12,11,4,10,0,2,VANLALHLANA,M,MPC,5313,54,ST,16099,20356,AIZAWL NORTH - I,ST,TUIVAWL,NA,4,79.09,33,no,4.65,3.03,MPC
Mizoram,2013,12,11,4,10,0,3,C. LALMALSAWMA,M,ZNP,4564,41,ST,16099,20356,AIZAWL NORTH - I,ST,TUIVAWL,NA,4,79.09,28.35,no,27.5,3.03,ZNP
Mizoram,2013,12,11,4,10,0,4,DAVID LALFAKZUALA,M,BJP,137,32,ST,16099,20356,AIZAWL NORTH - I,ST,TUIVAWL,NA,4,79.09,0.85,yes,0.14,3.03,BJP
Mizoram,2013,12,11,4,10,0,5,None of the Above,,NOTA,115,NA,,16099,20356,AIZAWL NORTH - I,ST,TUIVAWL,NA,4,79.09,0.71,yes,0,3.03,NOTA
Mizoram,2013,12,11,4,11,0,1,LALTHANLIANA,M,MPC,6875,54,ST,16553,20664,AIZAWL NORTH - II,ST,TUIVAWL,NA,4,80.11,41.53,no,1.88,2.78,MPC
Mizoram,2013,12,11,4,11,0,2,H. LIANSAILOVA,M,INC,6564,70,ST,16553,20664,AIZAWL NORTH - II,ST,TUIVAWL,NA,4,80.11,39.65,no,21.95,2.78,INC
Mizoram,2013,12,11,4,11,0,3,LALCHHANHIMA PAUTU,M,ZNP,2931,55,ST,16553,20664,AIZAWL NORTH - II,ST,TUIVAWL,NA,4,80.11,17.71,no,16.96,2.78,ZNP
Mizoram,2013,12,11,4,11,0,4,None of the Above,,NOTA,123,NA,,16553,20664,AIZAWL NORTH - II,ST,TUIVAWL,NA,4,80.11,0.74,yes,0.38,2.78,NOTA
Mizoram,2013,12,11,4,11,0,5,C LALNUNZIRI,F,BJP,60,51,ST,16553,20664,AIZAWL NORTH - II,ST,TUIVAWL,NA,4,80.11,0.36,yes,0,2.78,BJP
Mizoram,2013,12,11,4,12,0,1,LAL THANZARA,M,INC,6262,64,ST,13770,17264,AIZAWL NORTH-III,ST,TUIVAWL,NA,4,79.76,45.48,no,5.45,2.56,INC
Mizoram,2013,12,11,4,12,0,2,LALCHHANDAMA RALTE,M,MNF,5512,39,ST,13770,17264,AIZAWL NORTH-III,ST,TUIVAWL,NA,4,79.76,40.03,no,26.39,2.56,MNF
Mizoram,2013,12,11,4,12,0,3,R. K. DANIELA,M,ZNP,1878,61,ST,13770,17264,AIZAWL NORTH-III,ST,TUIVAWL,NA,4,79.76,13.64,yes,13.04,2.56,ZNP
Mizoram,2013,12,11,4,12,0,4,None of the Above,,NOTA,82,NA,,13770,17264,AIZAWL NORTH-III,ST,TUIVAWL,NA,4,79.76,0.6,yes,0.33,2.56,NOTA
Mizoram,2013,12,11,4,12,0,5,BIAKMAWIA,M,BJP,36,45,ST,13770,17264,AIZAWL NORTH-III,ST,TUIVAWL,NA,4,79.76,0.26,yes,0,2.56,BJP
Mizoram,2015,12,11,4,12,1,1,LAL THANZARA 'E,,INC,6175,NA,,10852,17264,AIZAWL NORTH-III,ST,TUIVAWL,NA,3,62.86,56.9,no,31.19,2.38,INC
Mizoram,2015,12,11,4,12,1,2,K. Vanlalvena,,MNF,2790,NA,,10852,17264,AIZAWL NORTH-III,ST,TUIVAWL,NA,3,62.86,25.71,no,8.32,2.38,MNF
Mizoram,2015,12,11,4,12,1,3,Lalduhoma,,ZNP,1887,NA,,10852,17264,AIZAWL NORTH-III,ST,TUIVAWL,NA,3,62.86,17.39,no,0,2.38,ZNP
Mizoram,2013,12,11,4,13,0,1,R. LALRINAWMA,M,INC,6221,51,ST,16494,20332,AIZAWL EAST - I,GEN,TUIVAWL,NA,4,81.12,37.72,no,2.56,3.03,INC
Mizoram,2013,12,11,4,13,0,2,LALHMANGAIHA SAILO,M,MPC,5799,63,ST,16494,20332,AIZAWL EAST - I,GEN,TUIVAWL,NA,4,81.12,35.16,no,9.14,3.03,MPC
Mizoram,2013,12,11,4,13,0,3,ZARZOLIANA,M,ZNP,4291,60,ST,16494,20332,AIZAWL EAST - I,GEN,TUIVAWL,NA,4,81.12,26.02,no,25.42,3.03,ZNP
Mizoram,2013,12,11,4,13,0,4,THANGCHUNGNUNGA,M,BJP,98,38,ST,16494,20332,AIZAWL EAST - I,GEN,TUIVAWL,NA,4,81.12,0.59,yes,0.08,3.03,BJP
Mizoram,2013,12,11,4,13,0,5,None of the Above,,NOTA,85,NA,,16494,20332,AIZAWL EAST - I,GEN,TUIVAWL,NA,4,81.12,0.52,yes,0,3.03,NOTA
Mizoram,2013,12,11,4,14,0,1,LALSAWTA,M,INC,4992,67,ST,13031,16347,AIZAWL EAST II,ST,TUIVAWL,NA,3,79.71,38.31,no,1.36,2.86,INC
Mizoram,2013,12,11,4,14,0,2,SAILOTHANGA SAILO,M,MNF,4815,65,ST,13031,16347,AIZAWL EAST II,ST,TUIVAWL,NA,3,79.71,36.95,no,12.92,2.86,MNF
Mizoram,2013,12,11,4,14,0,3,K. LALTUVELA,M,ZNP,3131,61,ST,13031,16347,AIZAWL EAST II,ST,TUIVAWL,NA,3,79.71,24.03,no,23.31,2.86,ZNP
Mizoram,2013,12,11,4,14,0,4,None of the Above,,NOTA,93,NA,,13031,16347,AIZAWL EAST II,ST,TUIVAWL,NA,3,79.71,0.71,yes,0,2.86,NOTA
Mizoram,2013,12,11,4,15,0,1,K SANGTHUAMA,M,MNF,6387,68,ST,17447,20920,AIZAWL WEST I,ST,TUIVAWL,NA,4,83.4,36.61,no,2.65,3.03,MNF
Mizoram,2013,12,11,4,15,0,2,TLANGTHANMAWII,F,INC,5925,64,ST,17447,20920,AIZAWL WEST I,ST,TUIVAWL,NA,4,83.4,33.96,no,5.91,3.03,INC
Mizoram,2013,12,11,4,15,0,3,LALDUHOMA,M,ZNP,4894,64,ST,17447,20920,AIZAWL WEST I,ST,TUIVAWL,NA,4,83.4,28.05,no,27.27,3.03,ZNP
Mizoram,2013,12,11,4,15,0,4,None of the Above,,NOTA,136,NA,,17447,20920,AIZAWL WEST I,ST,TUIVAWL,NA,4,83.4,0.78,yes,0.18,3.03,NOTA
Mizoram,2013,12,11,4,15,0,5,KAPMAWIA RALTE,M,BJP,105,33,ST,17447,20920,AIZAWL WEST I,ST,TUIVAWL,NA,4,83.4,0.6,yes,0,3.03,BJP
Mizoram,2013,12,11,4,16,0,1,LALRUATKIMA,M,MNF,6575,41,ST,15124,18642,AIZAWL WEST II,ST,TUIVAWL,NA,3,81.13,43.47,no,4.17,2.7,MNF
Mizoram,2013,12,11,4,16,0,2,DR. LALMALSAWMA NGHAKA,M,INC,5945,31,ST,15124,18642,AIZAWL WEST II,ST,TUIVAWL,NA,3,81.13,39.31,no,22.58,2.7,INC
Mizoram,2013,12,11,4,16,0,3,C. ROPIANGA,M,ZNP,2530,64,ST,15124,18642,AIZAWL WEST II,ST,TUIVAWL,NA,3,81.13,16.73,no,16.24,2.7,ZNP
Mizoram,2013,12,11,4,16,0,4,None of the Above,,NOTA,74,NA,,15124,18642,AIZAWL WEST II,ST,TUIVAWL,NA,3,81.13,0.49,yes,0,2.7,NOTA
Mizoram,2013,12,11,4,17,0,1,VANLALZAWMA,M,MNF,5765,58,ST,15177,19154,AIZAWL WEST III,ST,TUIVAWL,NA,3,79.24,37.99,no,6.44,3.03,MNF
Mizoram,2013,12,11,4,17,0,2,R. SELTHUAMA,M,INC,4787,69,ST,15177,19154,AIZAWL WEST III,ST,TUIVAWL,NA,3,79.24,31.54,no,1.67,3.03,INC
Mizoram,2013,12,11,4,17,0,3,DR. C. T. TLUANGA,M,ZNP,4534,65,ST,15177,19154,AIZAWL WEST III,ST,TUIVAWL,NA,3,79.24,29.87,no,29.27,3.03,ZNP
Mizoram,2013,12,11,4,17,0,4,None of the Above,,NOTA,91,NA,,15177,19154,AIZAWL WEST III,ST,TUIVAWL,NA,3,79.24,0.6,yes,0,3.03,NOTA
Mizoram,2013,12,11,4,18,0,1,R. VANLALVENA,M,INC,6463,48,ST,16326,20082,AIZAWL SOUTH I,ST,TUIVAWL,NA,3,81.3,39.59,no,7.94,2.94,INC
Mizoram,2013,12,11,4,18,0,2,R. K. LIANZUALA,M,MNF,5167,47,ST,16326,20082,AIZAWL SOUTH I,ST,TUIVAWL,NA,3,81.3,31.65,no,3.37,2.94,MNF
Mizoram,2013,12,11,4,18,0,3,K LIANTLINGA,M,ZNP,4616,60,ST,16326,20082,AIZAWL SOUTH I,ST,TUIVAWL,NA,3,81.3,28.27,no,27.78,2.94,ZNP
Mizoram,2013,12,11,4,18,0,4,None of the Above,,NOTA,80,NA,,16326,20082,AIZAWL SOUTH I,ST,TUIVAWL,NA,3,81.3,0.49,yes,0,2.94,NOTA
Mizoram,2013,12,11,4,19,0,1,LT. COL. ZOSANGZUALA,M,INC,6878,66,ST,17284,21339,AIZAWL SOUTH II,ST,TUIVAWL,NA,3,81,39.79,no,6.03,2.94,INC
Mizoram,2013,12,11,4,19,0,2,R. TLANGHMINGTHANGA,M,MNF,5835,70,ST,17284,21339,AIZAWL SOUTH II,ST,TUIVAWL,NA,3,81,33.76,no,8.01,2.94,MNF
Mizoram,2013,12,11,4,19,0,3,RINZAWNA,M,ZNP,4451,63,ST,17284,21339,AIZAWL SOUTH II,ST,TUIVAWL,NA,3,81,25.75,no,25.06,2.94,ZNP
Mizoram,2013,12,11,4,19,0,4,None of the Above,,NOTA,120,NA,,17284,21339,AIZAWL SOUTH II,ST,TUIVAWL,NA,3,81,0.69,yes,0,2.94,NOTA
Mizoram,2013,12,11,4,20,0,1,K. S. THANGA,M,INC,6594,53,ST,15891,17756,AIZAWL SOUTH-III,ST,TUIVAWL,NA,3,89.5,41.5,no,4.2,2.86,INC
Mizoram,2013,12,11,4,20,0,2,TAWNLUIA,M,MNF,5927,70,ST,15891,17756,AIZAWL SOUTH-III,ST,TUIVAWL,NA,3,89.5,37.3,no,16.58,2.86,MNF
Mizoram,2013,12,11,4,20,0,3,R. VANLALTLUANGA,M,ZNP,3292,39,ST,15891,17756,AIZAWL SOUTH-III,ST,TUIVAWL,NA,3,89.5,20.72,no,20.23,2.86,ZNP
Mizoram,2013,12,11,4,20,0,4,None of the Above,,NOTA,78,NA,,15891,17756,AIZAWL SOUTH-III,ST,TUIVAWL,NA,3,89.5,0.49,yes,0,2.86,NOTA
Mizoram,2013,12,11,4,21,0,1,H .ROHLUNA,M,INC,5682,53,ST,13267,16191,LENGTENG,ST,CHAMPHAI,NA,4,81.94,42.83,no,1.26,2.7,INC
Mizoram,2013,12,11,4,21,0,2,L .THANGMAWIA,M,MNF,5515,39,ST,13267,16191,LENGTENG,ST,CHAMPHAI,NA,4,81.94,41.57,no,26.92,2.7,MNF
Mizoram,2013,12,11,4,21,0,3,H.GINZALALA,M,ZNP,1944,40,ST,13267,16191,LENGTENG,ST,CHAMPHAI,NA,4,81.94,14.65,yes,14.05,2.7,ZNP
Mizoram,2013,12,11,4,21,0,4,ZORAMCHHANI,F,BJP,80,43,ST,13267,16191,LENGTENG,ST,CHAMPHAI,NA,4,81.94,0.6,yes,0.26,2.7,BJP
Mizoram,2013,12,11,4,21,0,5,None of the Above,,NOTA,46,NA,,13267,16191,LENGTENG,ST,CHAMPHAI,NA,4,81.94,0.35,yes,0,2.7,NOTA
Mizoram,2013,12,11,4,22,0,1,LALRINLIANA SAILO,M,INC,6258,54,ST,12860,15102,TUICHANG,ST,CHAMPHAI,NA,3,85.15,48.66,no,23.21,2.78,INC
Mizoram,2013,12,11,4,22,0,2,DR. H .LALLUNGMUANA,M,MNF,3273,64,ST,12860,15102,TUICHANG,ST,CHAMPHAI,NA,3,85.15,25.45,no,0.34,2.78,MNF
Mizoram,2013,12,11,4,22,0,3,LALBIAKZAMA,M,ZNP,3229,48,ST,12860,15102,TUICHANG,ST,CHAMPHAI,NA,3,85.15,25.11,no,24.33,2.78,ZNP
Mizoram,2013,12,11,4,22,0,4,None of the Above,,NOTA,100,NA,,12860,15102,TUICHANG,ST,CHAMPHAI,NA,3,85.15,0.78,yes,0,2.78,NOTA
Mizoram,2013,12,11,4,23,0,1,T.T. ZOTHANSANGA,M,INC,5934,49,ST,13982,17048,CHAMPHAI NORTH,ST,CHAMPHAI,NA,4,82.02,42.44,no,10.51,2.94,INC
Mizoram,2013,12,11,4,23,0,2,T.C. KAPHMINGTHANGA,M,MNF,4464,34,ST,13982,17048,CHAMPHAI NORTH,ST,CHAMPHAI,NA,4,82.02,31.93,no,7.8,2.94,MNF
Mizoram,2013,12,11,4,23,0,3,C .LALREMLIANA,M,ZNP,3373,53,ST,13982,17048,CHAMPHAI NORTH,ST,CHAMPHAI,NA,4,82.02,24.12,no,23.37,2.94,ZNP
Mizoram,2013,12,11,4,23,0,4,C .ROLIANA,M,BJP,106,61,ST,13982,17048,CHAMPHAI NORTH,ST,CHAMPHAI,NA,4,82.02,0.76,yes,0.01,2.94,BJP
Mizoram,2013,12,11,4,23,0,5,None of the Above,,NOTA,105,NA,,13982,17048,CHAMPHAI NORTH,ST,CHAMPHAI,NA,4,82.02,0.75,yes,0,2.94,NOTA
Mizoram,2013,12,11,4,24,0,1,JH.ROTHUAMA,M,INC,5203,74,ST,12692,15793,CHAMPHAI SOUTH,ST,CHAMPHAI,NA,4,80.36,40.99,no,13,3.33,INC
Mizoram,2013,12,11,4,24,0,2,ROSIAMNGHETA,M,MPC,3553,49,ST,12692,15793,CHAMPHAI SOUTH,ST,CHAMPHAI,NA,4,80.36,27.99,no,8.53,3.33,MPC
Mizoram,2013,12,11,4,24,0,3,VANLALNEIHA RALTE,M,ZNP,2471,39,ST,12692,15793,CHAMPHAI SOUTH,ST,CHAMPHAI,NA,4,80.36,19.47,no,8.46,3.33,ZNP
Mizoram,2013,12,11,4,24,0,4,B .SANGKHUMI,F,IND,1397,65,ST,12692,15793,CHAMPHAI SOUTH,ST,CHAMPHAI,NA,4,80.36,11.01,yes,10.47,3.33,IND
Mizoram,2013,12,11,4,24,0,5,None of the Above,,NOTA,68,NA,,12692,15793,CHAMPHAI SOUTH,ST,CHAMPHAI,NA,4,80.36,0.54,yes,0,3.33,NOTA
Mizoram,2013,12,11,4,25,0,1,T. SANGKUNGA,M,INC,4926,69,ST,11359,13961,EAST TUIPUI,ST,CHAMPHAI,NA,4,81.36,43.37,no,7.03,2.78,INC
Mizoram,2013,12,11,4,25,0,2,ZORAMTHANGA,M,MNF,4128,69,ST,11359,13961,EAST TUIPUI,ST,CHAMPHAI,NA,4,81.36,36.34,no,16.94,2.78,MNF
Mizoram,2013,12,11,4,25,0,3,W.CHHUANAWMA,M,ZNP,2204,53,ST,11359,13961,EAST TUIPUI,ST,CHAMPHAI,NA,4,81.36,19.4,no,18.84,2.78,ZNP
Mizoram,2013,12,11,4,25,0,4,None of the Above,,NOTA,64,NA,,11359,13961,EAST TUIPUI,ST,CHAMPHAI,NA,4,81.36,0.56,yes,0.24,2.78,NOTA
Mizoram,2013,12,11,4,25,0,5,LALRAWNA,M,BJP,37,48,ST,11359,13961,EAST TUIPUI,ST,CHAMPHAI,NA,4,81.36,0.33,yes,0,2.78,BJP
Mizoram,2013,12,11,4,26,0,1,LAL THANHAWLA,M,INC,5719,71,ST,13788,16038,SERCHHIP,ST,SERCHHIP,NA,4,85.97,41.48,no,5.32,2.94,INC
Mizoram,2013,12,11,4,26,0,2,C. LALRAMZAUVA,M,MNF,4985,52,ST,13788,16038,SERCHHIP,ST,SERCHHIP,NA,4,85.97,36.15,no,15.13,2.94,MNF
Mizoram,2013,12,11,4,26,0,3,P.B. LALSAWMLIANA,M,ZNP,2899,40,ST,13788,16038,SERCHHIP,ST,SERCHHIP,NA,4,85.97,21.03,no,20.16,2.94,ZNP
Mizoram,2013,12,11,4,26,0,4,LALAWMPUIA RENTHLEI,M,IND,120,36,ST,13788,16038,SERCHHIP,ST,SERCHHIP,NA,4,85.97,0.87,yes,0.4,2.94,IND
Mizoram,2013,12,11,4,26,0,5,None of the Above,,NOTA,65,NA,,13788,16038,SERCHHIP,ST,SERCHHIP,NA,4,85.97,0.47,yes,0,2.94,NOTA
Mizoram,2013,12,11,4,27,0,1,ER. LALRINAWMA,M,MNF,4467,40,ST,12573,14353,TUIKUM,ST,SERCHHIP,NA,3,87.6,35.53,no,0.11,2.94,MNF
Mizoram,2013,12,11,4,27,0,2,K. LIANZUALA,M,INC,4453,58,ST,12573,14353,TUIKUM,ST,SERCHHIP,NA,3,87.6,35.42,no,6.98,2.94,INC
Mizoram,2013,12,11,4,27,0,3,PC VANLALRUATA,M,ZNP,3575,40,ST,12573,14353,TUIKUM,ST,SERCHHIP,NA,3,87.6,28.43,no,27.81,2.94,ZNP
Mizoram,2013,12,11,4,27,0,4,None of the Above,,NOTA,78,NA,,12573,14353,TUIKUM,ST,SERCHHIP,NA,3,87.6,0.62,yes,0,2.94,NOTA
Mizoram,2013,12,11,4,28,0,1,LAL THANHAWLA,M,INC,5173,71,ST,12254,14807,HRANGTURZO,ST,SERCHHIP,NA,5,82.76,42.21,no,13.29,2.94,INC
Mizoram,2013,12,11,4,28,0,2,LALTHANSANGA,M,MPC,3545,50,ST,12254,14807,HRANGTURZO,ST,SERCHHIP,NA,5,82.76,28.93,no,1.09,2.94,MPC
Mizoram,2013,12,11,4,28,0,3,H. LALDUHAWMA,M,ZNP,3412,56,ST,12254,14807,HRANGTURZO,ST,SERCHHIP,NA,5,82.76,27.84,no,27.39,2.94,ZNP
Mizoram,2013,12,11,4,28,0,4,None of the Above,,NOTA,56,NA,,12254,14807,HRANGTURZO,ST,SERCHHIP,NA,5,82.76,0.46,yes,0.14,2.94,NOTA
Mizoram,2013,12,11,4,28,0,5,LALAWMPUIA RENTHLEI,M,IND,39,36,ST,12254,14807,HRANGTURZO,ST,SERCHHIP,NA,5,82.76,0.32,yes,0.08,2.94,IND
Mizoram,2013,12,11,4,28,0,6,F. REMKHUMA,M,JMBP,29,46,ST,12254,14807,HRANGTURZO,ST,SERCHHIP,NA,5,82.76,0.24,yes,0,2.94,JMBP
Mizoram,2014,12,11,4,28,1,1,Vanlalawmpull Caawngthu,,INC,6721,NA,,10939,14807,HRANGTURZO,ST,SERCHHIP,NA,2,73.88,61.44,no,22.88,1.89,INC
Mizoram,2014,12,11,4,28,1,2,H.Lalduhawma,,IND,4218,NA,,10939,14807,HRANGTURZO,ST,SERCHHIP,NA,2,73.88,38.56,no,0,1.89,IND
Mizoram,2013,12,11,4,29,0,1,JOHN SIAMKUNGA,M,INC,4912,52,ST,11575,13678,SOUTH TUIPUI,ST,LUNGLEI,NA,4,84.62,42.44,no,13.55,2.94,INC
Mizoram,2013,12,11,4,29,0,2,J. LALCHHUANA,M,ZNP,3344,59,ST,11575,13678,SOUTH TUIPUI,ST,LUNGLEI,NA,4,84.62,28.89,no,1.1,2.94,ZNP
Mizoram,2013,12,11,4,29,0,3,Z.H. ROPUIA,M,MNF,3217,54,ST,11575,13678,SOUTH TUIPUI,ST,LUNGLEI,NA,4,84.62,27.79,no,27.33,2.94,MNF
Mizoram,2013,12,11,4,29,0,4,PC. REMTHANGA,M,BJP,53,56,ST,11575,13678,SOUTH TUIPUI,ST,LUNGLEI,NA,4,84.62,0.46,yes,0.03,2.94,BJP
Mizoram,2013,12,11,4,29,0,5,None of the Above,,NOTA,49,NA,,11575,13678,SOUTH TUIPUI,ST,LUNGLEI,NA,4,84.62,0.42,yes,0,2.94,NOTA
Mizoram,2013,12,11,4,30,0,1,P.C. LALTHANLIANA,M,INC,6168,49,ST,13083,14784,LUNGLEI NORTH,ST,LUNGLEI,NA,4,88.49,47.15,no,6.65,2.56,INC
Mizoram,2013,12,11,4,30,0,2,DR. K.VANLALLAWMA,M,MNF,5298,56,ST,13083,14784,LUNGLEI NORTH,ST,LUNGLEI,NA,4,88.49,40.5,no,30,2.56,MNF
Mizoram,2013,12,11,4,30,0,3,RD. LALRAMMAWIA,M,ZNP,1373,39,ST,13083,14784,LUNGLEI NORTH,ST,LUNGLEI,NA,4,88.49,10.49,yes,8.9,2.56,ZNP
Mizoram,2013,12,11,4,30,0,4,S. L. SAILOVA,M,IND,208,72,ST,13083,14784,LUNGLEI NORTH,ST,LUNGLEI,NA,4,88.49,1.59,yes,1.31,2.56,IND
Mizoram,2013,12,11,4,30,0,5,None of the Above,,NOTA,36,NA,,13083,14784,LUNGLEI NORTH,ST,LUNGLEI,NA,4,88.49,0.28,yes,0,2.56,NOTA
Mizoram,2013,12,11,4,31,0,1,JOSEPH LALHIMPUIA,M,INC,5367,39,ST,10881,13112,LUNGLEI EAST,ST,LUNGLEI,NA,3,82.99,49.32,no,14.81,2.63,INC
Mizoram,2013,12,11,4,31,0,2,LALRINZUALA,M,MPC,3756,58,ST,10881,13112,LUNGLEI EAST,ST,LUNGLEI,NA,3,82.99,34.52,no,19.25,2.63,MPC
Mizoram,2013,12,11,4,31,0,3,PC. LALDUHTHLANGA,M,ZNP,1661,58,ST,10881,13112,LUNGLEI EAST,ST,LUNGLEI,NA,3,82.99,15.27,yes,14.37,2.63,ZNP
Mizoram,2013,12,11,4,31,0,4,None of the Above,,NOTA,97,NA,,10881,13112,LUNGLEI EAST,ST,LUNGLEI,NA,3,82.99,0.89,yes,0,2.63,NOTA
Mizoram,2013,12,11,4,32,0,1,CHALROSANGA RALTE,M,INC,5174,39,ST,11181,13151,LUNGLEI WEST,ST,LUNGLEI,NA,3,85.02,46.27,no,0.84,2.33,INC
Mizoram,2013,12,11,4,32,0,2,DR. R. LALTHANGLIANA,M,MNF,5080,57,ST,11181,13151,LUNGLEI WEST,ST,LUNGLEI,NA,3,85.02,45.43,no,37.87,2.33,MNF
Mizoram,2013,12,11,4,32,0,3,R. LALRAMZAUVA,M,ZNP,846,37,ST,11181,13151,LUNGLEI WEST,ST,LUNGLEI,NA,3,85.02,7.57,yes,6.84,2.33,ZNP
Mizoram,2013,12,11,4,32,0,4,None of the Above,,NOTA,81,NA,,11181,13151,LUNGLEI WEST,ST,LUNGLEI,NA,3,85.02,0.72,yes,0,2.33,NOTA
Mizoram,2013,12,11,4,33,0,1,S. LALDINGLIANA,M,INC,6230,59,ST,13130,15156,LUNGLEI SOUTH,ST,LUNGLEI,NA,3,86.63,47.45,no,3.43,2.33,INC
Mizoram,2013,12,11,4,33,0,2,DR. K PACHHUNGA,M,MNF,5780,45,ST,13130,15156,LUNGLEI SOUTH,ST,LUNGLEI,NA,3,86.63,44.02,no,36.12,2.33,MNF
Mizoram,2013,12,11,4,33,0,3,DR. AICHHUNGA,M,ZNP,1037,54,ST,13130,15156,LUNGLEI SOUTH,ST,LUNGLEI,NA,3,86.63,7.9,yes,7.27,2.33,ZNP
Mizoram,2013,12,11,4,33,0,4,None of the Above,,NOTA,83,NA,,13130,15156,LUNGLEI SOUTH,ST,LUNGLEI,NA,3,86.63,0.63,yes,0,2.33,NOTA
Mizoram,2013,12,11,4,34,0,1,ZODINTLUANGA,M,INC,6423,51,ST,10858,12352,THORANG,ST,LUNGLEI,NA,3,87.9,59.15,no,23.06,2.08,INC
Mizoram,2013,12,11,4,34,0,2,JOSEPH LALZAWMLIANA,M,MNF,3919,40,ST,10858,12352,THORANG,ST,LUNGLEI,NA,3,87.9,36.09,no,32.9,2.08,MNF
Mizoram,2013,12,11,4,34,0,3,ELIS LUNGTIAWIA,M,ZNP,347,36,ST,10858,12352,THORANG,ST,LUNGLEI,NA,3,87.9,3.2,yes,1.64,2.08,ZNP
Mizoram,2013,12,11,4,34,0,4,None of the Above,,NOTA,169,NA,,10858,12352,THORANG,ST,LUNGLEI,NA,3,87.9,1.56,yes,0,2.08,NOTA
Mizoram,2013,12,11,4,35,0,1,NIHAR KANTI CHAKMA,M,INC,6914,44,ST,10830,12503,WEST TUIPUI,ST,LUNGLEI,NA,4,86.62,63.84,no,30.78,1.92,INC
Mizoram,2013,12,11,4,35,0,2,PRITI RANJAN CHAKMA,M,MNF,3580,36,ST,10830,12503,WEST TUIPUI,ST,LUNGLEI,NA,4,86.62,33.06,no,31.39,1.92,MNF
Mizoram,2013,12,11,4,35,0,3,LALRINPUIA,M,ZNP,180,49,ST,10830,12503,WEST TUIPUI,ST,LUNGLEI,NA,4,86.62,1.66,yes,0.73,1.92,ZNP
Mizoram,2013,12,11,4,35,0,4,ZOREMSIAMA,M,BJP,101,33,ST,10830,12503,WEST TUIPUI,ST,LUNGLEI,NA,4,86.62,0.93,yes,0.42,1.92,BJP
Mizoram,2013,12,11,4,35,0,5,None of the Above,,NOTA,55,NA,,10830,12503,WEST TUIPUI,ST,LUNGLEI,NA,4,86.62,0.51,yes,0,1.92,NOTA
Mizoram,2013,12,11,4,36,0,1,BUDDHA DHAN CHAKMA,M,INC,14626,40,ST,21067,26278,TUICHAWNG,ST,LAWNGTLAI,NA,3,80.17,69.43,no,41.42,1.79,INC
Mizoram,2013,12,11,4,36,0,2,RASIK MOHAN CHAKMA,M,MNF,5900,49,ST,21067,26278,TUICHAWNG,ST,LAWNGTLAI,NA,3,80.17,28.01,no,26.23,1.79,MNF
Mizoram,2013,12,11,4,36,0,3,VICTOR TALUKDAR,M,BJP,374,29,ST,21067,26278,TUICHAWNG,ST,LAWNGTLAI,NA,3,80.17,1.78,yes,0.98,1.79,BJP
Mizoram,2013,12,11,4,36,0,4,None of the Above,,NOTA,167,NA,,21067,26278,TUICHAWNG,ST,LAWNGTLAI,NA,3,80.17,0.79,yes,0,1.79,NOTA
Mizoram,2013,12,11,4,37,0,1,C.NGUNLIANCHUNGA,M,INC,10323,53,ST,19581,23032,LAWNGTLAI WEST,ST,LAWNGTLAI,NA,3,85.02,52.72,no,7.84,2.08,INC
Mizoram,2013,12,11,4,37,0,2,C.RAMHLUNA,M,MNF,8788,58,ST,19581,23032,LAWNGTLAI WEST,ST,LAWNGTLAI,NA,3,85.02,44.88,no,43.25,2.08,MNF
Mizoram,2013,12,11,4,37,0,3,MC.LALRAMCHHANA,M,ZNP,320,35,ST,19581,23032,LAWNGTLAI WEST,ST,LAWNGTLAI,NA,3,85.02,1.63,yes,0.87,2.08,ZNP
Mizoram,2013,12,11,4,37,0,4,None of the Above,,NOTA,150,NA,,19581,23032,LAWNGTLAI WEST,ST,LAWNGTLAI,NA,3,85.02,0.77,yes,0,2.08,NOTA
Mizoram,2013,12,11,4,38,0,1,H.ZOTHANGLIANA,M,INC,8191,44,ST,16837,21253,LAWNGTLAI EAST,ST,LAWNGTLAI,NA,3,79.22,48.65,no,1.62,2.17,INC
Mizoram,2013,12,11,4,38,0,2,VANUPA ZATHANG,M,MNF,7918,60,ST,16837,21253,LAWNGTLAI EAST,ST,LAWNGTLAI,NA,3,79.22,47.03,no,43.21,2.17,MNF
Mizoram,2013,12,11,4,38,0,3,F. SANGDAWNA,M,ZNP,642,63,ST,16837,21253,LAWNGTLAI EAST,ST,LAWNGTLAI,NA,3,79.22,3.81,yes,3.3,2.17,ZNP
Mizoram,2013,12,11,4,38,0,4,None of the Above,,NOTA,86,NA,,16837,21253,LAWNGTLAI EAST,ST,LAWNGTLAI,NA,3,79.22,0.51,yes,0,2.17,NOTA
Mizoram,2013,12,11,4,39,0,1,DR. K. BEICHHUA,M,MNF,7324,48,ST,14761,18287,SAIHA,ST,SAIHA,NA,3,80.72,49.62,no,1.5,2.08,MNF
Mizoram,2013,12,11,4,39,0,2,S. HIATO,M,INC,7102,62,ST,14761,18287,SAIHA,ST,SAIHA,NA,3,80.72,48.11,no,46.26,2.08,INC
Mizoram,2013,12,11,4,39,0,3,F. LALHMACHHUANA,M,ZNP,274,53,ST,14761,18287,SAIHA,ST,SAIHA,NA,3,80.72,1.86,yes,1.44,2.08,ZNP
Mizoram,2013,12,11,4,39,0,4,None of the Above,,NOTA,61,NA,,14761,18287,SAIHA,ST,SAIHA,NA,3,80.72,0.41,yes,0,2.08,NOTA
Mizoram,2013,12,11,4,40,0,1,HIPHEI,M,INC,7256,73,ST,12761,15467,PALAK,ST,SAIHA,NA,2,82.5,56.86,no,14.29,2,INC
Mizoram,2013,12,11,4,40,0,2,PP. THAWLA,M,MDF,5433,63,ST,12761,15467,PALAK,ST,SAIHA,NA,2,82.5,42.58,no,42.01,2,MDF
Mizoram,2013,12,11,4,40,0,3,None of the Above,,NOTA,72,NA,,12761,15467,PALAK,ST,SAIHA,NA,2,82.5,0.56,yes,0,2,NOTA
Mizoram,2008,12,10,4,1,0,1,LALRINMAWIA RALTE,M,INC,6990,45,ST,13453,16029,HACHHEK,ST,MAMIT,NA,5,83.93,51.96,no,19.45,2.5,INC
Mizoram,2008,12,10,4,1,0,2,H.LALENVELA,M,MNF,4373,49,ST,13453,16029,HACHHEK,ST,MAMIT,NA,5,83.93,32.51,no,18.83,2.5,MNF
Mizoram,2008,12,10,4,1,0,3,JOHN LALNGILNEIA,M,MPC,1840,60,ST,13453,16029,HACHHEK,ST,MAMIT,NA,5,83.93,13.68,yes,12.64,2.5,MPC
Mizoram,2008,12,10,4,1,0,4,LALDINLIANA,M,JD(U),139,26,ST,13453,16029,HACHHEK,ST,MAMIT,NA,5,83.93,1.03,yes,0.21,2.5,JD(U)
Mizoram,2008,12,10,4,1,0,5,P.C LALTHANPUIA,M,LJP,111,29,ST,13453,16029,HACHHEK,ST,MAMIT,NA,5,83.93,0.83,yes,0,2.5,LJP
Mizoram,2008,12,10,4,2,0,1,LALROBIAKA,M,INC,5004,43,ST,12169,13981,DAMPA,ST,MAMIT,NA,6,87.04,41.12,no,5.59,2.94,INC
Mizoram,2008,12,10,4,2,0,2,LALRINTLUANGA SAILO,M,MNF,4324,47,ST,12169,13981,DAMPA,ST,MAMIT,NA,6,87.04,35.53,no,15.92,2.94,MNF
Mizoram,2008,12,10,4,2,0,3,LALHMINGTHANGA SAILO,M,ZNP,2387,34,ST,12169,13981,DAMPA,ST,MAMIT,NA,6,87.04,19.62,no,17.4,2.94,ZNP
Mizoram,2008,12,10,4,2,0,4,C.HMINGTHANSANGA,M,BJP,270,32,ST,12169,13981,DAMPA,ST,MAMIT,NA,6,87.04,2.22,yes,1.27,2.94,BJP
Mizoram,2008,12,10,4,2,0,5,ZAKHUMA,M,LJP,115,77,ST,12169,13981,DAMPA,ST,MAMIT,NA,6,87.04,0.95,yes,0.38,2.94,LJP
Mizoram,2008,12,10,4,2,0,6,LALAWMPUIA CHHANGTE,M,NCP,69,41,ST,12169,13981,DAMPA,ST,MAMIT,NA,6,87.04,0.57,yes,0,2.94,NCP
Mizoram,2008,12,10,4,3,0,1,JOHN ROTLUANGLIANA,M,INC,4421,48,ST,13824,16266,MAMIT,ST,MAMIT,NA,11,84.99,31.98,no,15.53,5,INC
Mizoram,2008,12,10,4,3,0,2,LALTHLENGLIANA,M,MNF,2274,58,ST,13824,16266,MAMIT,ST,MAMIT,NA,11,84.99,16.45,yes,0.46,5,MNF
Mizoram,2008,12,10,4,3,0,3,LALLAWMSANGA APETOW,M,IND,2211,32,ST,13824,16266,MAMIT,ST,MAMIT,NA,11,84.99,15.99,yes,0.76,5,IND
Mizoram,2008,12,10,4,3,0,4,LALTANPUIA,M,ZNP,2106,32,ST,13824,16266,MAMIT,ST,MAMIT,NA,11,84.99,15.23,yes,1.54,5,ZNP
Mizoram,2008,12,10,4,3,0,5,LALROMAWIA,M,IND,1893,51,ST,13824,16266,MAMIT,ST,MAMIT,NA,11,84.99,13.69,yes,11.05,5,IND
Mizoram,2008,12,10,4,3,0,6,R.LALHMUNMAWIA,M,IND,366,40,ST,13824,16266,MAMIT,ST,MAMIT,NA,11,84.99,2.65,yes,0.97,5,IND
Mizoram,2008,12,10,4,3,0,7,LALHLUNA,M,BJP,232,62,ST,13824,16266,MAMIT,ST,MAMIT,NA,11,84.99,1.68,yes,0.9,5,BJP
Mizoram,2008,12,10,4,3,0,8,MATHEW LALNUNPUIA,M,NCP,107,27,ST,13824,16266,MAMIT,ST,MAMIT,NA,11,84.99,0.77,yes,0.13,5,NCP
Mizoram,2008,12,10,4,3,0,9,SURESBIHARI,M,LB,89,43,ST,13824,16266,MAMIT,ST,MAMIT,NA,11,84.99,0.64,yes,0.15,5,LB
Mizoram,2008,12,10,4,3,0,10,M.ZARZOLIANA,M,LJP,68,28,ST,13824,16266,MAMIT,ST,MAMIT,NA,11,84.99,0.49,yes,0.08,5,LJP
Mizoram,2008,12,10,4,3,0,11,T.LALSANGA,M,JD(U),57,49,ST,13824,16266,MAMIT,ST,MAMIT,NA,11,84.99,0.41,yes,0,5,JD(U)
Mizoram,2008,12,10,4,4,0,1,HMINGDAILOVA KHIANGTE,M,INC,4717,64,ST,11917,14538,TUIRIAL,ST,KOLASIB,NA,6,81.97,39.58,no,8.58,3.03,INC
Mizoram,2008,12,10,4,4,0,2,SAILOTHANGA SAILO,M,MPC,3695,63,ST,11917,14538,TUIRIAL,ST,KOLASIB,NA,6,81.97,31.01,no,4.12,3.03,MPC
Mizoram,2008,12,10,4,4,0,3,LALLIANKIMA,M,MNF,3204,49,ST,11917,14538,TUIRIAL,ST,KOLASIB,NA,6,81.97,26.89,no,25.31,3.03,MNF
Mizoram,2008,12,10,4,4,0,4,LALHLUNA,M,IND,188,49,ST,11917,14538,TUIRIAL,ST,KOLASIB,NA,6,81.97,1.58,yes,0.92,3.03,IND
Mizoram,2008,12,10,4,4,0,5,MOSES MALSAWMTLUANGA,M,IND,78,31,ST,11917,14538,TUIRIAL,ST,KOLASIB,NA,6,81.97,0.65,yes,0.36,3.03,IND
Mizoram,2008,12,10,4,4,0,6,ZORAMSANGZELA,M,LJP,35,50,ST,11917,14538,TUIRIAL,ST,KOLASIB,NA,6,81.97,0.29,yes,0,3.03,LJP
Mizoram,2008,12,10,4,5,0,1,P.C. ZORAM SANGLIANA,M,INC,5510,50,ST,13465,16011,KOLASIB,ST,KOLASIB,NA,6,84.1,40.92,no,7.78,3.12,INC
Mizoram,2008,12,10,4,5,0,2,K. LALRINLIANA,M,MNF,4462,48,ST,13465,16011,KOLASIB,ST,KOLASIB,NA,6,84.1,33.14,no,12.31,3.12,MNF
Mizoram,2008,12,10,4,5,0,3,LALRAWNA SAILO,M,MPC,2805,62,ST,13465,16011,KOLASIB,ST,KOLASIB,NA,6,84.1,20.83,no,17.33,3.12,MPC
Mizoram,2008,12,10,4,5,0,4,LALFAMKIMA,M,IND,471,42,ST,13465,16011,KOLASIB,ST,KOLASIB,NA,6,84.1,3.5,yes,2.56,3.12,IND
Mizoram,2008,12,10,4,5,0,5,RAMFANGZAUVI,F,BJP,126,50,ST,13465,16011,KOLASIB,ST,KOLASIB,NA,6,84.1,0.94,yes,0.26,3.12,BJP
Mizoram,2008,12,10,4,5,0,6,R. LALRINAWMI,F,LJP,91,46,ST,13465,16011,KOLASIB,ST,KOLASIB,NA,6,84.1,0.68,yes,0,3.12,LJP
Mizoram,2008,12,10,4,6,0,1,K. LALRINTHANGA,M,INC,4536,54,ST,12144,14637,SERLUI,ST,KOLASIB,NA,6,82.97,37.35,no,7.61,3.57,INC
Mizoram,2008,12,10,4,6,0,2,D. THANGLIANA,M,MNF,3612,53,ST,12144,14637,SERLUI,ST,KOLASIB,NA,6,82.97,29.74,no,10.14,3.57,MNF
Mizoram,2008,12,10,4,6,0,3,H.L. HLUNA,M,ZNP,2381,42,ST,12144,14637,SERLUI,ST,KOLASIB,NA,6,82.97,19.61,no,8.33,3.57,ZNP
Mizoram,2008,12,10,4,6,0,4,VANLALHMUAKA,M,IND,1370,37,ST,12144,14637,SERLUI,ST,KOLASIB,NA,6,82.97,11.28,yes,9.89,3.57,IND
Mizoram,2008,12,10,4,6,0,5,LALDAWMLIANA,M,LB,169,39,ST,12144,14637,SERLUI,ST,KOLASIB,NA,6,82.97,1.39,yes,0.77,3.57,LB
Mizoram,2008,12,10,4,6,0,6,DAVID LALROSANGA,M,LJP,76,30,ST,12144,14637,SERLUI,ST,KOLASIB,NA,6,82.97,0.63,yes,0,3.57,LJP
Mizoram,2008,12,10,4,7,0,1,R.L.PIANMAWIA,M,INC,4276,52,ST,11653,14281,TUIVAWL,ST,TUIVAWL,NA,6,81.6,36.69,no,4.06,3.12,INC
Mizoram,2008,12,10,4,7,0,2,GOGO LALREMTLUANGA,M,MNF,3803,31,ST,11653,14281,TUIVAWL,ST,TUIVAWL,NA,6,81.6,32.64,no,4.99,3.12,MNF
Mizoram,2008,12,10,4,7,0,3,LALDUHAWMA,M,ZNP,3222,59,ST,11653,14281,TUIVAWL,ST,TUIVAWL,NA,6,81.6,27.65,no,25.65,3.12,ZNP
Mizoram,2008,12,10,4,7,0,4,LALHUALTHANGA,M,BJP,233,48,ST,11653,14281,TUIVAWL,ST,TUIVAWL,NA,6,81.6,2,yes,1.42,3.12,BJP
Mizoram,2008,12,10,4,7,0,5,LALRINAWMA,M,LJP,67,55,ST,11653,14281,TUIVAWL,ST,TUIVAWL,NA,6,81.6,0.57,yes,0.13,3.12,LJP
Mizoram,2008,12,10,4,7,0,6,LALROSEMA,M,LB,52,38,ST,11653,14281,TUIVAWL,ST,TUIVAWL,NA,6,81.6,0.45,yes,0,3.12,LB
Mizoram,2008,12,10,4,8,0,1,CHAWNGTINTHANGA,M,INC,4924,64,ST,13198,16091,CHALFILH,ST,TUIVAWL,NA,7,82.02,37.31,no,4.11,3.12,INC
Mizoram,2008,12,10,4,8,0,2,LALVENHIMA HMAR,M,MPC,4381,42,ST,13198,16091,CHALFILH,ST,TUIVAWL,NA,7,82.02,33.19,no,7.63,3.12,MPC
Mizoram,2008,12,10,4,8,0,3,J.C.CHHUANLIANA,M,MNF,3374,54,ST,13198,16091,CHALFILH,ST,TUIVAWL,NA,7,82.02,25.56,no,22.73,3.12,MNF
Mizoram,2008,12,10,4,8,0,4,C.RAMKINLOVA,M,BJP,374,49,ST,13198,16091,CHALFILH,ST,TUIVAWL,NA,7,82.02,2.83,yes,2.38,3.12,BJP
Mizoram,2008,12,10,4,8,0,5,VANLALHMINGCHHUANGI,F,LB,60,29,ST,13198,16091,CHALFILH,ST,TUIVAWL,NA,7,82.02,0.45,yes,0.11,3.12,LB
Mizoram,2008,12,10,4,8,0,6,J.NEIHKHUMA,M,IND,46,65,ST,13198,16091,CHALFILH,ST,TUIVAWL,NA,7,82.02,0.35,yes,0.05,3.12,IND
Mizoram,2008,12,10,4,8,0,7,K.ZOTHANSANGA,M,LJP,39,41,ST,13198,16091,CHALFILH,ST,TUIVAWL,NA,7,82.02,0.3,yes,0,3.12,LJP
Mizoram,2008,12,10,4,9,0,1,R.LALZIRLIANA,M,INC,4710,56,ST,11407,13174,TAWI,ST,TUIVAWL,NA,4,86.59,41.29,no,10.62,2.94,INC
Mizoram,2008,12,10,4,9,0,2,LALCHHANDAMA RALTE,M,MNF,3499,37,ST,11407,13174,TAWI,ST,TUIVAWL,NA,4,86.59,30.67,no,3.26,2.94,MNF
Mizoram,2008,12,10,4,9,0,3,DR. KENNETH CHAWNGLIANA,M,MPC,3127,62,ST,11407,13174,TAWI,ST,TUIVAWL,NA,4,86.59,27.41,no,26.79,2.94,MPC
Mizoram,2008,12,10,4,9,0,4,BIAKNGHETA,M,LJP,71,43,ST,11407,13174,TAWI,ST,TUIVAWL,NA,4,86.59,0.62,yes,0,2.94,LJP
Mizoram,2008,12,10,4,10,0,1,R.ROMAWIA,M,INC,4948,64,ST,13414,17370,AIZAWL NORTH - I,ST,TUIVAWL,NA,6,77.23,36.89,no,7.73,3.33,INC
Mizoram,2008,12,10,4,10,0,2,DR. LALZAMA,M,MNF,3911,59,ST,13414,17370,AIZAWL NORTH - I,ST,TUIVAWL,NA,6,77.23,29.16,no,5.61,3.33,MNF
Mizoram,2008,12,10,4,10,0,3,VANLALHRUAIA,M,ZNP,3158,71,ST,13414,17370,AIZAWL NORTH - I,ST,TUIVAWL,NA,6,77.23,23.54,no,14.91,3.33,ZNP
Mizoram,2008,12,10,4,10,0,4,M.LALMANZUALA,M,IND,1158,65,ST,13414,17370,AIZAWL NORTH - I,ST,TUIVAWL,NA,6,77.23,8.63,yes,7.48,3.33,IND
Mizoram,2008,12,10,4,10,0,5,CHAWNGROLIANA,M,NCP,155,44,ST,13414,17370,AIZAWL NORTH - I,ST,TUIVAWL,NA,6,77.23,1.16,yes,0.53,3.33,NCP
Mizoram,2008,12,10,4,10,0,6,LALSAILOVA SAILO,M,LJP,84,32,ST,13414,17370,AIZAWL NORTH - I,ST,TUIVAWL,NA,6,77.23,0.63,yes,0,3.33,LJP
Mizoram,2008,12,10,4,11,0,1,H.LIANSAILOVA,M,INC,5207,63,ST,14259,17769,AIZAWL NORTH - II,ST,TUIVAWL,NA,5,80.25,36.52,no,1.87,3.03,INC
Mizoram,2008,12,10,4,11,0,2,LALTHANLIANA,M,MPC,4941,49,ST,14259,17769,AIZAWL NORTH - II,ST,TUIVAWL,NA,5,80.25,34.65,no,6.99,3.03,MPC
Mizoram,2008,12,10,4,11,0,3,LALCHAMLIANA,M,MNF,3944,56,ST,14259,17769,AIZAWL NORTH - II,ST,TUIVAWL,NA,5,80.25,27.66,no,27.05,3.03,MNF
Mizoram,2008,12,10,4,11,0,4,C.LALNUNZIRI,F,BJP,87,47,ST,14259,17769,AIZAWL NORTH - II,ST,TUIVAWL,NA,5,80.25,0.61,yes,0.05,3.03,BJP
Mizoram,2008,12,10,4,11,0,5,GABRIEL LALRUATHLUA,M,LJP,80,28,ST,14259,17769,AIZAWL NORTH - II,ST,TUIVAWL,NA,5,80.25,0.56,yes,0,3.03,LJP
Mizoram,2008,12,10,4,12,0,1,LAL THANZARA,M,INC,4109,57,ST,11351,14732,AIZAWL NORTH-III,ST,TUIVAWL,NA,5,77.05,36.2,no,4.46,3.12,INC
Mizoram,2008,12,10,4,12,0,2,K.SANGTHUAMA,M,MNF,3603,66,ST,11351,14732,AIZAWL NORTH-III,ST,TUIVAWL,NA,5,77.05,31.74,no,1.15,3.12,MNF
Mizoram,2008,12,10,4,12,0,3,ROSIAMNGHETA,M,MPC,3472,44,ST,11351,14732,AIZAWL NORTH-III,ST,TUIVAWL,NA,5,77.05,30.59,no,29.53,3.12,MPC
Mizoram,2008,12,10,4,12,0,4,C.LALTANPUIA,M,IND,120,47,ST,11351,14732,AIZAWL NORTH-III,ST,TUIVAWL,NA,5,77.05,1.06,yes,0.64,3.12,IND
Mizoram,2008,12,10,4,12,0,5,P.C.LALSANGLIANA,M,LJP,47,38,ST,11351,14732,AIZAWL NORTH-III,ST,TUIVAWL,NA,5,77.05,0.41,yes,0,3.12,LJP
Mizoram,2008,12,10,4,13,0,1,R.LALRINAWMA,M,INC,5084,46,ST,13519,16962,AIZAWL EAST - I,GEN,TUIVAWL,NA,7,79.7,37.61,no,8.06,3.33,INC
Mizoram,2008,12,10,4,13,0,2,F.MALSAWMA,M,MNF,3995,56,ST,13519,16962,AIZAWL EAST - I,GEN,TUIVAWL,NA,7,79.7,29.55,no,2.45,3.33,MNF
Mizoram,2008,12,10,4,13,0,3,ZARZOLIANA,M,ZNP,3664,53,ST,13519,16962,AIZAWL EAST - I,GEN,TUIVAWL,NA,7,79.7,27.1,no,24.61,3.33,ZNP
Mizoram,2008,12,10,4,13,0,4,LALTHAZUALA RAWITE,M,IND,337,45,ST,13519,16962,AIZAWL EAST - I,GEN,TUIVAWL,NA,7,79.7,2.49,yes,0.5,3.33,IND
Mizoram,2008,12,10,4,13,0,5,J.F.ROTHANGLIANA,M,LJP,269,45,ST,13519,16962,AIZAWL EAST - I,GEN,TUIVAWL,NA,7,79.7,1.99,yes,1.27,3.33,LJP
Mizoram,2008,12,10,4,13,0,6,RUALPAWLA,M,IND,97,54,ST,13519,16962,AIZAWL EAST - I,GEN,TUIVAWL,NA,7,79.7,0.72,yes,0.18,3.33,IND
Mizoram,2008,12,10,4,13,0,7,SUAKDAILOVA,M,NCP,73,62,ST,13519,16962,AIZAWL EAST - I,GEN,TUIVAWL,NA,7,79.7,0.54,yes,0,3.33,NCP
Mizoram,2008,12,10,4,14,0,1,LALSAWTA,M,INC,4794,60,ST,11476,14845,AIZAWL EAST II,ST,TUIVAWL,NA,4,77.31,41.77,no,11.75,2.94,INC
Mizoram,2008,12,10,4,14,0,2,H.VANLALAUVA,M,MNF,3445,68,ST,11476,14845,AIZAWL EAST II,ST,TUIVAWL,NA,4,77.31,30.02,no,2.57,2.94,MNF
Mizoram,2008,12,10,4,14,0,3,V.LAICHHINGA,M,MPC,3150,65,ST,11476,14845,AIZAWL EAST II,ST,TUIVAWL,NA,4,77.31,27.45,no,26.69,2.94,MPC
Mizoram,2008,12,10,4,14,0,4,J.F.ROTHANGLIANA,M,LJP,87,65,ST,11476,14845,AIZAWL EAST II,ST,TUIVAWL,NA,4,77.31,0.76,yes,0,2.94,LJP
Mizoram,2008,12,10,4,15,0,1,LALDUHAWMA,M,ZNP,5705,59,ST,14637,17844,AIZAWL WEST I,ST,TUIVAWL,NA,4,82.03,38.98,no,5.07,3.03,ZNP
Mizoram,2008,12,10,4,15,0,2,R.TLANGHMINGTHANGA,M,MNF,4963,65,ST,14637,17844,AIZAWL WEST I,ST,TUIVAWL,NA,4,82.03,33.91,no,7.65,3.03,MNF
Mizoram,2008,12,10,4,15,0,3,ANDREW LALHERLIANA,M,INC,3844,57,ST,14637,17844,AIZAWL WEST I,ST,TUIVAWL,NA,4,82.03,26.26,no,25.41,3.03,INC
Mizoram,2008,12,10,4,15,0,4,LALSANGZUALA,M,LJP,125,38,ST,14637,17844,AIZAWL WEST I,ST,TUIVAWL,NA,4,82.03,0.85,yes,0,3.03,LJP
Mizoram,2008,12,10,4,16,0,1,BRIG. T. SAILO,M,MPC,4654,85,ST,12605,15932,AIZAWL WEST II,ST,TUIVAWL,NA,4,79.12,36.92,no,3.95,2.94,MPC
Mizoram,2008,12,10,4,16,0,2,ZOTHANKIMI,F,INC,4156,47,ST,12605,15932,AIZAWL WEST II,ST,TUIVAWL,NA,4,79.12,32.97,no,3.35,2.94,INC
Mizoram,2008,12,10,4,16,0,3,LALRUATKIMA,M,MNF,3734,36,ST,12605,15932,AIZAWL WEST II,ST,TUIVAWL,NA,4,79.12,29.62,no,29.14,2.94,MNF
Mizoram,2008,12,10,4,16,0,4,VANLALFAKAWMA,M,LJP,61,45,ST,12605,15932,AIZAWL WEST II,ST,TUIVAWL,NA,4,79.12,0.48,yes,0,2.94,LJP
Mizoram,2008,12,10,4,17,0,1,R.SELTHUAMA,M,INC,5233,62,ST,12821,16418,AIZAWL WEST III,ST,TUIVAWL,NA,4,78.09,40.82,no,8.68,2.94,INC
Mizoram,2008,12,10,4,17,0,2,COL. LALCHUNGNUNGA SAILO,M,MPC,4120,66,ST,12821,16418,AIZAWL WEST III,ST,TUIVAWL,NA,4,78.09,32.13,no,5.77,2.94,MPC
Mizoram,2008,12,10,4,17,0,3,K.VANLALAUVA,M,MNF,3380,62,ST,12821,16418,AIZAWL WEST III,ST,TUIVAWL,NA,4,78.09,26.36,no,25.68,2.94,MNF
Mizoram,2008,12,10,4,17,0,4,C.LALNUNMAWIA,M,LJP,88,32,ST,12821,16418,AIZAWL WEST III,ST,TUIVAWL,NA,4,78.09,0.69,yes,0,2.94,LJP
Mizoram,2008,12,10,4,18,0,1,K.LIANTLINGA,M,ZNP,4498,54,ST,14136,17536,AIZAWL SOUTH I,ST,TUIVAWL,NA,6,80.61,31.82,no,0.2,3.45,ZNP
Mizoram,2008,12,10,4,18,0,2,R.VANLALVENA,M,INC,4470,41,ST,14136,17536,AIZAWL SOUTH I,ST,TUIVAWL,NA,6,80.61,31.62,no,3.34,3.45,INC
Mizoram,2008,12,10,4,18,0,3,VANLALZAWMA,M,MNF,3998,52,ST,14136,17536,AIZAWL SOUTH I,ST,TUIVAWL,NA,6,80.61,28.28,no,20.9,3.45,MNF
Mizoram,2008,12,10,4,18,0,4,A.LALVUNGA,M,IND,1043,61,ST,14136,17536,AIZAWL SOUTH I,ST,TUIVAWL,NA,6,80.61,7.38,yes,6.9,3.45,IND
Mizoram,2008,12,10,4,18,0,5,Z.D.LALHRIATA,M,LJP,67,36,ST,14136,17536,AIZAWL SOUTH I,ST,TUIVAWL,NA,6,80.61,0.47,yes,0.05,3.45,LJP
Mizoram,2008,12,10,4,18,0,6,H.HAULIANA,M,NCP,60,58,ST,14136,17536,AIZAWL SOUTH I,ST,TUIVAWL,NA,6,80.61,0.42,yes,0,3.45,NCP
Mizoram,2008,12,10,4,19,0,1,LT.COL. ZOSANGZUALA,M,INC,5159,65,ST,14195,18055,AIZAWL SOUTH II,ST,TUIVAWL,NA,5,78.62,36.34,no,3.44,3.03,INC
Mizoram,2008,12,10,4,19,0,2,DENGHMINGTHANGA,M,ZNP,4670,40,ST,14195,18055,AIZAWL SOUTH II,ST,TUIVAWL,NA,5,78.62,32.9,no,3.33,3.03,ZNP
Mizoram,2008,12,10,4,19,0,3,R.KHAWPUITHANGA,M,MNF,4197,65,ST,14195,18055,AIZAWL SOUTH II,ST,TUIVAWL,NA,5,78.62,29.57,no,28.9,3.03,MNF
Mizoram,2008,12,10,4,19,0,4,VANHNUAITHANGA,M,LJP,95,57,ST,14195,18055,AIZAWL SOUTH II,ST,TUIVAWL,NA,5,78.62,0.67,yes,0.15,3.03,LJP
Mizoram,2008,12,10,4,19,0,5,JAMES VANLALHRUAIA,M,NCP,74,33,ST,14195,18055,AIZAWL SOUTH II,ST,TUIVAWL,NA,5,78.62,0.52,yes,0,3.03,NCP
Mizoram,2008,12,10,4,20,0,1,K.S.THANGA,M,INC,5284,47,ST,14001,16064,AIZAWL SOUTH-III,ST,TUIVAWL,NA,4,87.16,37.74,no,2.5,3.03,INC
Mizoram,2008,12,10,4,20,0,2,TAWNLUIA,M,MNF,4934,65,ST,14001,16064,AIZAWL SOUTH-III,ST,TUIVAWL,NA,4,87.16,35.24,no,8.66,3.03,MNF
Mizoram,2008,12,10,4,20,0,3,DR. F.LALNUNMAWIA,M,IND,3721,35,ST,14001,16064,AIZAWL SOUTH-III,ST,TUIVAWL,NA,4,87.16,26.58,no,26.13,3.03,IND
Mizoram,2008,12,10,4,20,0,4,R.C.LALDINGLUAIA,M,LJP,62,37,ST,14001,16064,AIZAWL SOUTH-III,ST,TUIVAWL,NA,4,87.16,0.44,yes,0,3.03,LJP
Mizoram,2008,12,10,4,21,0,1,H.ROHLUNA,M,INC,4776,48,ST,12272,14727,LENGTENG,ST,CHAMPHAI,NA,4,83.33,38.92,no,6.4,2.94,INC
Mizoram,2008,12,10,4,21,0,2,L.THANGMAWIA,M,MNF,3990,34,ST,12272,14727,LENGTENG,ST,CHAMPHAI,NA,4,83.33,32.51,no,4.38,2.94,MNF
Mizoram,2008,12,10,4,21,0,3,T.C.KAPHMINGTHANGA,M,IND,3452,33,ST,12272,14727,LENGTENG,ST,CHAMPHAI,NA,4,83.33,28.13,no,27.69,2.94,IND
Mizoram,2008,12,10,4,21,0,4,BIAKSIAMA,M,LJP,54,45,ST,12272,14727,LENGTENG,ST,CHAMPHAI,NA,4,83.33,0.44,yes,0,2.94,LJP
Mizoram,2008,12,10,4,22,0,1,LALRINLIANA SAILO,M,INC,4428,50,ST,11349,13888,TUICHANG,ST,CHAMPHAI,NA,4,81.72,39.02,no,7.76,3.03,INC
Mizoram,2008,12,10,4,22,0,2,RUALKHUMA HMAR,M,ZNP,3547,55,ST,11349,13888,TUICHANG,ST,CHAMPHAI,NA,4,81.72,31.25,no,2.28,3.03,ZNP
Mizoram,2008,12,10,4,22,0,3,R.LALAWIA,M,MNF,3288,56,ST,11349,13888,TUICHANG,ST,CHAMPHAI,NA,4,81.72,28.97,no,28.21,3.03,MNF
Mizoram,2008,12,10,4,22,0,4,C.LAWMTHANGA,M,LJP,86,45,ST,11349,13888,TUICHANG,ST,CHAMPHAI,NA,4,81.72,0.76,yes,0,3.03,LJP
Mizoram,2008,12,10,4,23,0,1,T.T.ZOTHANSANGA,M,INC,5699,41,ST,12734,15488,CHAMPHAI NORTH,ST,CHAMPHAI,NA,6,82.22,44.75,no,9.86,2.86,INC
Mizoram,2008,12,10,4,23,0,2,ZORAMTHANGA,M,MNF,4443,62,ST,12734,15488,CHAMPHAI NORTH,ST,CHAMPHAI,NA,6,82.22,34.89,no,19.01,2.86,MNF
Mizoram,2008,12,10,4,23,0,3,ZOSIAMA PACHUAU,M,MPC,2022,62,ST,12734,15488,CHAMPHAI NORTH,ST,CHAMPHAI,NA,6,82.22,15.88,yes,12.91,2.86,MPC
Mizoram,2008,12,10,4,23,0,4,P.C.ZAIREMTHANGA,M,IND,378,55,ST,12734,15488,CHAMPHAI NORTH,ST,CHAMPHAI,NA,6,82.22,2.97,yes,1.84,2.86,IND
Mizoram,2008,12,10,4,23,0,5,NANGSIANMUNG,M,IND,144,35,ST,12734,15488,CHAMPHAI NORTH,ST,CHAMPHAI,NA,6,82.22,1.13,yes,0.75,2.86,IND
Mizoram,2008,12,10,4,23,0,6,LALTHUAMA SAILO,M,LJP,48,36,ST,12734,15488,CHAMPHAI NORTH,ST,CHAMPHAI,NA,6,82.22,0.38,yes,0,2.86,LJP
Mizoram,2008,12,10,4,24,0,1,J.H.ROTHUAMA,M,INC,5345,67,ST,11888,14822,CHAMPHAI SOUTH,ST,CHAMPHAI,NA,5,80.21,44.96,no,8.9,2.78,INC
Mizoram,2008,12,10,4,24,0,2,ZORAMTHANGA,M,MNF,4287,62,ST,11888,14822,CHAMPHAI SOUTH,ST,CHAMPHAI,NA,5,80.21,36.06,no,18.52,2.78,MNF
Mizoram,2008,12,10,4,24,0,3,LALHMINGTHANGI HMAR,F,ZNP,2085,29,ST,11888,14822,CHAMPHAI SOUTH,ST,CHAMPHAI,NA,5,80.21,17.54,no,16.5,2.78,ZNP
Mizoram,2008,12,10,4,24,0,4,LALCHHANHIMA,M,IND,124,36,ST,11888,14822,CHAMPHAI SOUTH,ST,CHAMPHAI,NA,5,80.21,1.04,yes,0.65,2.78,IND
Mizoram,2008,12,10,4,24,0,5,TAWNLIANA,M,LJP,47,47,ST,11888,14822,CHAMPHAI SOUTH,ST,CHAMPHAI,NA,5,80.21,0.4,yes,0,2.78,LJP
Mizoram,2008,12,10,4,25,0,1,B.LALTHLENGLIANA,M,MNF,3787,59,ST,10643,12947,EAST TUIPUI,ST,CHAMPHAI,NA,5,82.2,35.58,no,4.39,3.12,MNF
Mizoram,2008,12,10,4,25,0,2,H.THANGCHUANGA,M,INC,3320,52,ST,10643,12947,EAST TUIPUI,ST,CHAMPHAI,NA,5,82.2,31.19,no,0.41,3.12,INC
Mizoram,2008,12,10,4,25,0,3,DR.R.ROTLUANGA,M,ZNP,3276,56,ST,10643,12947,EAST TUIPUI,ST,CHAMPHAI,NA,5,82.2,30.78,no,28.87,3.12,ZNP
Mizoram,2008,12,10,4,25,0,4,LALDINKIMI,F,IND,203,32,ST,10643,12947,EAST TUIPUI,ST,CHAMPHAI,NA,5,82.2,1.91,yes,1.37,3.12,IND
Mizoram,2008,12,10,4,25,0,5,LALHUNLIANA,M,LJP,57,40,ST,10643,12947,EAST TUIPUI,ST,CHAMPHAI,NA,5,82.2,0.54,yes,0,3.12,LJP
Mizoram,2008,12,10,4,26,0,1,LAL THANHAWLA,M,INC,4744,68,ST,11956,13663,SERCHHIP,ST,SERCHHIP,NA,4,87.51,39.68,no,7.96,2.94,INC
Mizoram,2008,12,10,4,26,0,2,C. LALRAMZAUVA,M,ZNP,3792,47,ST,11956,13663,SERCHHIP,ST,SERCHHIP,NA,4,87.51,31.72,no,3.8,2.94,ZNP
Mizoram,2008,12,10,4,26,0,3,R. LALHNUNA,M,MNF,3338,49,ST,11956,13663,SERCHHIP,ST,SERCHHIP,NA,4,87.51,27.92,no,27.23,2.94,MNF
Mizoram,2008,12,10,4,26,0,4,LALKULHLIANA,M,LJP,82,42,ST,11956,13663,SERCHHIP,ST,SERCHHIP,NA,4,87.51,0.69,yes,0,2.94,LJP
Mizoram,2008,12,10,4,27,0,1,K. LIANZUALA,M,INC,4265,50,ST,11587,13265,TUIKUM,ST,SERCHHIP,NA,6,87.35,36.81,no,3.47,3.45,INC
Mizoram,2008,12,10,4,27,0,2,VANLALHLANA,M,MPC,3863,48,ST,11587,13265,TUIKUM,ST,SERCHHIP,NA,6,87.35,33.34,no,13.14,3.45,MPC
Mizoram,2008,12,10,4,27,0,3,T.C. PACHHUNGA,M,MNF,2341,51,ST,11587,13265,TUIKUM,ST,SERCHHIP,NA,6,87.35,20.2,no,14.98,3.45,MNF
Mizoram,2008,12,10,4,27,0,4,T. LALHMINGTHANGA,M,IND,605,39,ST,11587,13265,TUIKUM,ST,SERCHHIP,NA,6,87.35,5.22,yes,1.31,3.45,IND
Mizoram,2008,12,10,4,27,0,5,C. CHAWIMAWIA,M,IND,453,58,ST,11587,13265,TUIKUM,ST,SERCHHIP,NA,6,87.35,3.91,yes,3.39,3.45,IND
Mizoram,2008,12,10,4,27,0,6,H. LALTHANGMAWIA,M,LJP,60,32,ST,11587,13265,TUIKUM,ST,SERCHHIP,NA,6,87.35,0.52,yes,0,3.45,LJP
Mizoram,2008,12,10,4,28,0,1,LALTHANSANGA,M,MPC,4431,45,ST,11721,13872,HRANGTURZO,ST,SERCHHIP,NA,4,84.49,37.8,no,3.86,2.94,MPC
Mizoram,2008,12,10,4,28,0,2,RONALD SAPA TLAU,M,INC,3979,51,ST,11721,13872,HRANGTURZO,ST,SERCHHIP,NA,4,84.49,33.95,no,6.46,2.94,INC
Mizoram,2008,12,10,4,28,0,3,LALHLIMPUII,F,MNF,3222,57,ST,11721,13872,HRANGTURZO,ST,SERCHHIP,NA,4,84.49,27.49,no,26.73,2.94,MNF
Mizoram,2008,12,10,4,28,0,4,K. ZOLIANA,M,LJP,89,52,ST,11721,13872,HRANGTURZO,ST,SERCHHIP,NA,4,84.49,0.76,yes,0,2.94,LJP
Mizoram,2008,12,10,4,29,0,1,LALTHANHAWLA,M,INC,3772,68,ST,10639,12789,SOUTH TUIPUI,ST,LUNGLEI,NA,5,83.19,35.45,no,0.9,3.12,INC
Mizoram,2008,12,10,4,29,0,2,J. LALCHHUANA,M,ZNP,3676,54,ST,10639,12789,SOUTH TUIPUI,ST,LUNGLEI,NA,5,83.19,34.55,no,8.61,3.12,ZNP
Mizoram,2008,12,10,4,29,0,3,F. LALTHANZUALA,M,MNF,2760,60,ST,10639,12789,SOUTH TUIPUI,ST,LUNGLEI,NA,5,83.19,25.94,no,22.3,3.12,MNF
Mizoram,2008,12,10,4,29,0,4,L. REMLALA FANAI,M,IND,387,42,ST,10639,12789,SOUTH TUIPUI,ST,LUNGLEI,NA,5,83.19,3.64,yes,3.22,3.12,IND
Mizoram,2008,12,10,4,29,0,5,LALRAMLIANA RALTE,M,LJP,44,56,ST,10639,12789,SOUTH TUIPUI,ST,LUNGLEI,NA,5,83.19,0.41,yes,0,3.12,LJP
Mizoram,2009,12,10,4,29,1,1,John. Siamkunga,,INC,6179,NA,,9050,12789,SOUTH TUIPUI,ST,LUNGLEI,NA,2,70.76,68.28,no,36.55,1.75,INC
Mizoram,2009,12,10,4,29,1,2,K. Lalsanga,,IND,2871,NA,,9050,12789,SOUTH TUIPUI,ST,LUNGLEI,NA,2,70.76,31.72,no,0,1.75,IND
Mizoram,2008,12,10,4,30,0,1,PC LALTHANLIANA,M,INC,4914,42,ST,12117,13981,LUNGLEI NORTH,ST,LUNGLEI,NA,4,86.67,40.55,no,5.82,2.94,INC
Mizoram,2008,12,10,4,30,0,2,C. LALRINSANGA,M,MNF,4209,46,ST,12117,13981,LUNGLEI NORTH,ST,LUNGLEI,NA,4,86.67,34.74,no,10.41,2.94,MNF
Mizoram,2008,12,10,4,30,0,3,LALRINZUALA,M,MPC,2948,55,ST,12117,13981,LUNGLEI NORTH,ST,LUNGLEI,NA,4,86.67,24.33,no,23.95,2.94,MPC
Mizoram,2008,12,10,4,30,0,4,B. ZATAWNA,M,LJP,46,64,ST,12117,13981,LUNGLEI NORTH,ST,LUNGLEI,NA,4,86.67,0.38,yes,0,2.94,LJP
Mizoram,2008,12,10,4,31,0,1,JOSEPH LALHIMPUIA,M,INC,3898,35,ST,9795,12358,LUNGLEI EAST,ST,LUNGLEI,NA,4,79.26,39.8,no,4.32,3.12,INC
Mizoram,2008,12,10,4,31,0,2,SAMSON ZORAMTHANGA,M,MNF,3475,54,ST,9795,12358,LUNGLEI EAST,ST,LUNGLEI,NA,4,79.26,35.48,no,17.46,3.12,MNF
Mizoram,2008,12,10,4,31,0,3,H. LALTHANSANGA,M,IND,1765,42,ST,9795,12358,LUNGLEI EAST,ST,LUNGLEI,NA,4,79.26,18.02,no,11.31,3.12,IND
Mizoram,2008,12,10,4,31,0,4,VANNEIA HNAMTE,M,ZNP,657,53,ST,9795,12358,LUNGLEI EAST,ST,LUNGLEI,NA,4,79.26,6.71,yes,0,3.12,ZNP
Mizoram,2008,12,10,4,32,0,1,DR. R. LALTHANGLIANA,M,MNF,4156,51,ST,10177,12334,LUNGLEI WEST,ST,LUNGLEI,NA,3,82.51,40.84,no,7.1,2.94,MNF
Mizoram,2008,12,10,4,32,0,2,J. LAWMZUALA,M,INC,3433,64,ST,10177,12334,LUNGLEI WEST,ST,LUNGLEI,NA,3,82.51,33.73,no,8.3,2.94,INC
Mizoram,2008,12,10,4,32,0,3,C.ZOKHUMA,M,MPC,2588,45,ST,10177,12334,LUNGLEI WEST,ST,LUNGLEI,NA,3,82.51,25.43,no,0,2.94,MPC
Mizoram,2008,12,10,4,33,0,1,S. LALDINGLIANA,M,INC,5276,54,ST,11846,14392,LUNGLEI SOUTH,ST,LUNGLEI,NA,5,82.31,44.54,no,8.79,2.78,INC
Mizoram,2008,12,10,4,33,0,2,Z.H ROPUIA,M,MNF,4235,45,ST,11846,14392,LUNGLEI SOUTH,ST,LUNGLEI,NA,5,82.31,35.75,no,17.48,2.78,MNF
Mizoram,2008,12,10,4,33,0,3,SAITLAWMA,M,ZNP,2164,65,ST,11846,14392,LUNGLEI SOUTH,ST,LUNGLEI,NA,5,82.31,18.27,no,17.27,2.78,ZNP
Mizoram,2008,12,10,4,33,0,4,VANLALHRUAIA HAUHULH,M,IND,118,26,ST,11846,14392,LUNGLEI SOUTH,ST,LUNGLEI,NA,5,82.31,1,yes,0.55,2.78,IND
Mizoram,2008,12,10,4,33,0,5,LALTHUAMMAWII,F,LJP,53,25,ST,11846,14392,LUNGLEI SOUTH,ST,LUNGLEI,NA,5,82.31,0.45,yes,0,2.78,LJP
Mizoram,2008,12,10,4,34,0,1,ZODINTLUANGA,M,INC,4442,46,ST,9592,11021,THORANG,ST,LUNGLEI,NA,5,87.03,46.31,no,19.07,3.12,INC
Mizoram,2008,12,10,4,34,0,2,LALNUNTLUANGA SAILO,M,MNF,2613,42,ST,9592,11021,THORANG,ST,LUNGLEI,NA,5,87.03,27.24,no,10.26,3.12,MNF
Mizoram,2008,12,10,4,34,0,3,ZOTHANPUIA SAILO,M,IND,1629,33,ST,9592,11021,THORANG,ST,LUNGLEI,NA,5,87.03,16.98,no,8.22,3.12,IND
Mizoram,2008,12,10,4,34,0,4,PARITOSH CHAKMA,M,IND,841,26,ST,9592,11021,THORANG,ST,LUNGLEI,NA,5,87.03,8.77,yes,8.07,3.12,IND
Mizoram,2008,12,10,4,34,0,5,B.N LALIT CHAKMA,M,LJP,67,40,ST,9592,11021,THORANG,ST,LUNGLEI,NA,5,87.03,0.7,yes,0,3.12,LJP
Mizoram,2008,12,10,4,35,0,1,NIHAR KANTI,M,INC,5052,37,ST,8906,10418,WEST TUIPUI,ST,LUNGLEI,NA,4,85.49,56.73,no,17.29,2.08,INC
Mizoram,2008,12,10,4,35,0,2,ALAK BIKASH CHAKMA,M,MNF,3512,41,ST,8906,10418,WEST TUIPUI,ST,LUNGLEI,NA,4,85.49,39.43,no,37.28,2.08,MNF
Mizoram,2008,12,10,4,35,0,3,SURATH KUMAR CHAKMA,M,BJP,192,60,ST,8906,10418,WEST TUIPUI,ST,LUNGLEI,NA,4,85.49,2.16,yes,0.47,2.08,BJP
Mizoram,2008,12,10,4,35,0,4,RUPEN CHAKMA,M,LJP,150,37,ST,8906,10418,WEST TUIPUI,ST,LUNGLEI,NA,4,85.49,1.68,yes,0,2.08,LJP
Mizoram,2008,12,10,4,36,0,1,NIRUPAM CHAKMA,M,INC,10421,47,ST,18463,22089,TUICHAWNG,ST,LAWNGTLAI,NA,4,83.58,56.44,no,16.86,2.08,INC
Mizoram,2008,12,10,4,36,0,2,RASIK MOHAN CHAKMA,M,MNF,7309,38,ST,18463,22089,TUICHAWNG,ST,LAWNGTLAI,NA,4,83.58,39.59,no,37.23,2.08,MNF
Mizoram,2008,12,10,4,36,0,3,LAXMI BIKASH CHAKMA,M,BJP,435,40,ST,18463,22089,TUICHAWNG,ST,LAWNGTLAI,NA,4,83.58,2.36,yes,0.74,2.08,BJP
Mizoram,2008,12,10,4,36,0,4,D.K. THANGA,M,LJP,298,26,ST,18463,22089,TUICHAWNG,ST,LAWNGTLAI,NA,4,83.58,1.61,yes,0,2.08,LJP
Mizoram,2008,12,10,4,37,0,1,C. RAMHLUNA,M,MNF,6086,57,ST,16918,19952,LAWNGTLAI WEST,ST,LAWNGTLAI,NA,6,84.79,35.97,no,4.73,3.7,MNF
Mizoram,2008,12,10,4,37,0,2,LH. CHHUANAWMA,M,INC,5286,38,ST,16918,19952,LAWNGTLAI WEST,ST,LAWNGTLAI,NA,6,84.79,31.24,no,15.73,3.7,INC
Mizoram,2008,12,10,4,37,0,3,H. VANLALTHALIANA,M,IND,2625,42,ST,16918,19952,LAWNGTLAI WEST,ST,LAWNGTLAI,NA,6,84.79,15.52,yes,1.25,3.7,IND
Mizoram,2008,12,10,4,37,0,4,J.B. RUALCHHINGA,M,IND,2413,52,ST,16918,19952,LAWNGTLAI WEST,ST,LAWNGTLAI,NA,6,84.79,14.26,yes,12.65,3.7,IND
Mizoram,2008,12,10,4,37,0,5,F. HRANGKHUMA,M,BJP,273,61,ST,16918,19952,LAWNGTLAI WEST,ST,LAWNGTLAI,NA,6,84.79,1.61,yes,0.22,3.7,BJP
Mizoram,2008,12,10,4,37,0,6,LALREMRUATA,M,LJP,235,25,ST,16918,19952,LAWNGTLAI WEST,ST,LAWNGTLAI,NA,6,84.79,1.39,yes,0,3.7,LJP
Mizoram,2008,12,10,4,38,0,1,H. ZOTHANGLIANA,M,INC,6294,39,ST,15189,19412,LAWNGTLAI EAST,ST,LAWNGTLAI,NA,6,78.25,41.44,no,6,2.86,INC
Mizoram,2008,12,10,4,38,0,2,H. RAMMAWI,M,MNF,5383,54,ST,15189,19412,LAWNGTLAI EAST,ST,LAWNGTLAI,NA,6,78.25,35.44,no,13.3,2.86,MNF
Mizoram,2008,12,10,4,38,0,3,MANGHMUNGA CHINZAH,M,IND,3363,55,ST,15189,19412,LAWNGTLAI EAST,ST,LAWNGTLAI,NA,6,78.25,22.14,no,21.73,2.86,IND
Mizoram,2008,12,10,4,38,0,4,R. ZORAMCHHANA,M,LB,62,27,ST,15189,19412,LAWNGTLAI EAST,ST,LAWNGTLAI,NA,6,78.25,0.41,yes,0.04,2.86,LB
Mizoram,2008,12,10,4,38,0,5,ZALIANA,M,LJP,56,65,ST,15189,19412,LAWNGTLAI EAST,ST,LAWNGTLAI,NA,6,78.25,0.37,yes,0.16,2.86,LJP
Mizoram,2008,12,10,4,38,0,6,C. LALBIAKTHANGA,M,IND,31,48,ST,15189,19412,LAWNGTLAI EAST,ST,LAWNGTLAI,NA,6,78.25,0.2,yes,0,2.86,IND
Mizoram,2008,12,10,4,39,0,1,S. HIATO,M,INC,4772,65,ST,12917,16394,SAIHA,ST,SAIHA,NA,5,78.79,36.94,no,0.8,3.12,INC
Mizoram,2008,12,10,4,39,0,2,H.C. LALMALSAWMA ZASAI,M,MNF,4669,36,ST,12917,16394,SAIHA,ST,SAIHA,NA,5,78.79,36.15,no,12.84,3.12,MNF
Mizoram,2008,12,10,4,39,0,3,DR. K. BEICHHUA,M,IND,3010,46,ST,12917,16394,SAIHA,ST,SAIHA,NA,5,78.79,23.3,no,20.09,3.12,IND
Mizoram,2008,12,10,4,39,0,4,F. LALHMACHHUANA,M,ZNP,415,48,ST,12917,16394,SAIHA,ST,SAIHA,NA,5,78.79,3.21,yes,2.82,3.12,ZNP
Mizoram,2008,12,10,4,39,0,5,M.C. LALBUAIA,M,LJP,51,60,ST,12917,16394,SAIHA,ST,SAIHA,NA,5,78.79,0.39,yes,0,3.12,LJP
Mizoram,2008,12,10,4,40,0,1,P.P. THAWLA,M,MDF,4206,52,ST,12603,15271,PALAK,ST,SAIHA,NA,6,82.53,33.37,no,0.67,3.7,MDF
Mizoram,2008,12,10,4,40,0,2,T.T. VAKHU,M,INC,4122,49,ST,12603,15271,PALAK,ST,SAIHA,NA,6,82.53,32.71,no,15.51,3.7,INC
Mizoram,2008,12,10,4,40,0,3,LAICHO NOTLIA,M,IND,2167,57,ST,12603,15271,PALAK,ST,SAIHA,NA,6,82.53,17.19,no,2.3,3.7,IND
Mizoram,2008,12,10,4,40,0,4,K.T. ROKHAW,M,IND,1877,48,ST,12603,15271,PALAK,ST,SAIHA,NA,6,82.53,14.89,yes,13.43,3.7,IND
Mizoram,2008,12,10,4,40,0,5,N. BEIKHAI,M,MPC,185,50,ST,12603,15271,PALAK,ST,SAIHA,NA,6,82.53,1.47,yes,1.1,3.7,MPC
Mizoram,2008,12,10,4,40,0,6,LALTHLAHLOVA,M,LJP,46,32,ST,12603,15271,PALAK,ST,SAIHA,NA,6,82.53,0.36,yes,0,3.7,LJP
Mizoram,2003,12,9,3,1,0,1,P. P. THAWLA,M,MDF,3716,NA,,8972,10717,TUIPANG,ST,NA,NA,3,83.72,41.42,no,9.35,2.94,MDF
Mizoram,2003,12,9,3,1,0,2,I. P. JUNIOR,M,MNF,2877,NA,,8972,10717,TUIPANG,ST,NA,NA,3,83.72,32.07,no,5.55,2.94,MNF
Mizoram,2003,12,9,3,1,0,3,K. T. ROKHAW,M,INC,2379,NA,,8972,10717,TUIPANG,ST,NA,NA,3,83.72,26.52,no,0,2.94,INC
Mizoram,2003,12,9,3,2,0,1,S. HIATO,M,INC,4771,NA,,12312,16529,SAIHA,ST,NA,NA,4,74.49,38.75,no,2.77,2.94,INC
Mizoram,2003,12,9,3,2,0,2,S. VADYU,M,MDF,4430,NA,,12312,16529,SAIHA,ST,NA,NA,4,74.49,35.98,no,11.73,2.94,MDF
Mizoram,2003,12,9,3,2,0,3,LALRINGA,M,MNF,2986,NA,,12312,16529,SAIHA,ST,NA,NA,4,74.49,24.25,no,23.24,2.94,MNF
Mizoram,2003,12,9,3,2,0,4,M. C. LALBUAIA,M,JD(U),125,NA,,12312,16529,SAIHA,ST,NA,NA,4,74.49,1.02,yes,0,2.94,JD(U)
Mizoram,2003,12,9,3,3,0,1,H. RAMMAWI,M,MNF,2921,NA,,8185,10478,SANGAU,ST,NA,NA,5,78.12,35.69,no,3.01,3.23,MNF
Mizoram,2003,12,9,3,3,0,2,S. T. RUALYAPA,M,IND,2675,NA,,8185,10478,SANGAU,ST,NA,NA,5,78.12,32.68,no,8.82,3.23,IND
Mizoram,2003,12,9,3,3,0,3,F. ROHNUNA,M,INC,1953,NA,,8185,10478,SANGAU,ST,NA,NA,5,78.12,23.86,no,16.42,3.23,INC
Mizoram,2003,12,9,3,3,0,4,H. RENKUNGA,M,IND,609,NA,,8185,10478,SANGAU,ST,NA,NA,5,78.12,7.44,yes,7.11,3.23,IND
Mizoram,2003,12,9,3,3,0,5,LALRAMENGMAWII,F,JD(U),27,NA,,8185,10478,SANGAU,ST,NA,NA,5,78.12,0.33,yes,0,3.23,JD(U)
Mizoram,2003,12,9,3,4,0,1,H. VANLALTHALIANA,M,MNF,6967,NA,,16583,21834,LAWNGTLAI,ST,NA,NA,7,75.95,42.01,no,6.6,3.03,MNF
Mizoram,2003,12,9,3,4,0,2,C. THANGHLUNA,M,INC,5872,NA,,16583,21834,LAWNGTLAI,ST,NA,NA,7,75.95,35.41,no,25.6,3.03,INC
Mizoram,2003,12,9,3,4,0,3,F. MANGHNUNA,M,MZPC,1627,NA,,16583,21834,LAWNGTLAI,ST,NA,NA,7,75.95,9.81,yes,0.56,3.03,MPC
Mizoram,2003,12,9,3,4,0,4,LALCHUNGA CHINZAH,M,BJP,1534,NA,,16583,21834,LAWNGTLAI,ST,NA,NA,7,75.95,9.25,yes,7.05,3.03,BJP
Mizoram,2003,12,9,3,4,0,5,V. LALLIANZUALA,M,ZNP,365,NA,,16583,21834,LAWNGTLAI,ST,NA,NA,7,75.95,2.2,yes,1.4,3.03,ZNP
Mizoram,2003,12,9,3,4,0,6,K. THANCHUTA,M,IND,133,NA,,16583,21834,LAWNGTLAI,ST,NA,NA,7,75.95,0.8,yes,0.29,3.03,IND
Mizoram,2003,12,9,3,4,0,7,F. LALREMRUATA,M,JD(U),85,NA,,16583,21834,LAWNGTLAI,ST,NA,NA,7,75.95,0.51,yes,0,3.03,JD(U)
Mizoram,2003,12,9,3,5,0,1,RASIK MOHAN CHAKMA,M,MNF,4782,NA,,12955,16933,CHAWNGTE,ST,NA,NA,5,76.51,36.91,no,6.23,3.23,MNF
Mizoram,2003,12,9,3,5,0,2,NIRUPAM CHAKMA,M,INC,3975,NA,,12955,16933,CHAWNGTE,ST,NA,NA,5,76.51,30.68,no,2.45,3.23,INC
Mizoram,2003,12,9,3,5,0,3,ALAK BIKASH CHAKMA,M,BJP,3657,NA,,12955,16933,CHAWNGTE,ST,NA,NA,5,76.51,28.23,no,26.03,3.23,BJP
Mizoram,2003,12,9,3,5,0,4,AMARSMRITI CHAKMA,M,MZPC,285,NA,,12955,16933,CHAWNGTE,ST,NA,NA,5,76.51,2.2,yes,0.22,3.23,MPC
Mizoram,2003,12,9,3,5,0,5,PRASANA KUMAR,M,JD(U),256,NA,,12955,16933,CHAWNGTE,ST,NA,NA,5,76.51,1.98,yes,0,3.23,JD(U)
Mizoram,2006,12,9,3,5,1,1,ALAK BIKASH CHAKMA,M,MNF,8194,NA,,14617,20101,Chawngte(ST),ST,NA,NA,3,72.72,56.06,no,19.43,2.22,MNF
Mizoram,2006,12,9,3,5,1,2,NIRUPAM CHAKMA,M,INC,5354,NA,,14617,20101,Chawngte(ST),ST,NA,NA,3,72.72,36.63,no,29.32,2.22,INC
Mizoram,2006,12,9,3,5,1,3,INDRA LAL,M,IND,1069,NA,,14617,20101,Chawngte(ST),ST,NA,NA,3,72.72,7.31,yes,0,2.22,IND
Mizoram,2003,12,9,3,6,0,1,NIHAR KANTI,M,INC,4009,NA,,9004,10645,TLABUNG,ST,NA,NA,5,84.58,44.52,no,6.81,2.86,INC
Mizoram,2003,12,9,3,6,0,2,SAMSON ZORAMTHANGA,M,MNF,3396,NA,,9004,10645,TLABUNG,ST,NA,NA,5,84.58,37.72,no,27.05,2.86,MNF
Mizoram,2003,12,9,3,6,0,3,P. LALBIAKA,M,BJP,960,NA,,9004,10645,TLABUNG,ST,NA,NA,5,84.58,10.66,yes,4.9,2.86,BJP
Mizoram,2003,12,9,3,6,0,4,V. BIAKENGLIANA,M,MZPC,519,NA,,9004,10645,TLABUNG,ST,NA,NA,5,84.58,5.76,yes,4.43,2.86,MPC
Mizoram,2003,12,9,3,6,0,5,VANLALSAWMA,M,JD(U),120,NA,,9004,10645,TLABUNG,ST,NA,NA,5,84.58,1.33,yes,0,2.86,JD(U)
Mizoram,2003,12,9,3,7,0,1,ZODINTLUANGA,M,INC,3272,NA,,8825,10145,BUARPUI,ST,NA,NA,7,86.99,37.08,no,9.87,3.57,INC
Mizoram,2003,12,9,3,7,0,2,LALNUNTLUANGA SAILO,M,MZPC,2401,NA,,8825,10145,BUARPUI,ST,NA,NA,7,86.99,27.21,no,3.09,3.57,MPC
Mizoram,2003,12,9,3,7,0,3,H. THANGRENGA,M,MNF,2128,NA,,8825,10145,BUARPUI,ST,NA,NA,7,86.99,24.11,no,15.15,3.57,MNF
Mizoram,2003,12,9,3,7,0,4,T. KHUMTIRA,M,ZNP,791,NA,,8825,10145,BUARPUI,ST,NA,NA,7,86.99,8.96,yes,7.54,3.57,ZNP
Mizoram,2003,12,9,3,7,0,5,R. ZOHMINGLIANA,M,IND,126,NA,,8825,10145,BUARPUI,ST,NA,NA,7,86.99,1.43,yes,0.67,3.57,IND
Mizoram,2003,12,9,3,7,0,6,V. LALNUNMAWIA,M,IND,67,NA,,8825,10145,BUARPUI,ST,NA,NA,7,86.99,0.76,yes,0.31,3.57,IND
Mizoram,2003,12,9,3,7,0,7,CHAWNGZIKA,M,JD(U),40,NA,,8825,10145,BUARPUI,ST,NA,NA,7,86.99,0.45,yes,0,3.57,JD(U)
Mizoram,2003,12,9,3,8,0,1,LALHMINGTHANGA,M,MZPC,3692,NA,,10882,14959,LUNGLEI SOUTH,GEN,NA,NA,4,72.75,33.93,no,0.57,3.57,MPC
Mizoram,2003,12,9,3,8,0,2,K. LALSANGA,M,MNF,3630,NA,,10882,14959,LUNGLEI SOUTH,GEN,NA,NA,4,72.75,33.36,no,14.89,3.57,MNF
Mizoram,2003,12,9,3,8,0,3,C. LALHMINGLIANA,M,INC,2010,NA,,10882,14959,LUNGLEI SOUTH,GEN,NA,NA,4,72.75,18.47,no,4.23,3.57,INC
Mizoram,2003,12,9,3,8,0,4,F. LAWMZUALI,F,ZNP,1550,NA,,10882,14959,LUNGLEI SOUTH,GEN,NA,NA,4,72.75,14.24,yes,0,3.57,ZNP
Mizoram,2003,12,9,3,9,0,1,DR R. LALTHANGLIANA,M,MNF,4641,NA,,10796,13639,LUNGLEI NORTH,ST,NA,NA,4,79.16,42.99,no,6.39,2.94,MNF
Mizoram,2003,12,9,3,9,0,2,J. LAWMZUALA,M,MZPC,3951,NA,,10796,13639,LUNGLEI NORTH,ST,NA,NA,4,79.16,36.6,no,24.15,2.94,MPC
Mizoram,2003,12,9,3,9,0,3,SAPLIANA CHONGTHU,M,ZNP,1344,NA,,10796,13639,LUNGLEI NORTH,ST,NA,NA,4,79.16,12.45,yes,4.48,2.94,ZNP
Mizoram,2003,12,9,3,9,0,4,K. LALRINLIANA,M,INC,860,NA,,10796,13639,LUNGLEI NORTH,ST,NA,NA,4,79.16,7.97,yes,0,2.94,INC
Mizoram,2003,12,9,3,10,0,1,Z. H. ROPUIA,M,MNF,2595,NA,,9650,11069,TAWIPUI,ST,NA,NA,6,87.18,26.89,no,6.28,5,MNF
Mizoram,2003,12,9,3,10,0,2,V. KAPCHUNGNUNGA,M,MZPC,1989,NA,,9650,11069,TAWIPUI,ST,NA,NA,6,87.18,20.61,no,0.11,5,MPC
Mizoram,2003,12,9,3,10,0,3,K. L. CHHAWNZAUVA,M,INC,1978,NA,,9650,11069,TAWIPUI,ST,NA,NA,6,87.18,20.5,no,0.26,5,INC
Mizoram,2003,12,9,3,10,0,4,VANNEIA HNAMTE,M,ZNP,1953,NA,,9650,11069,TAWIPUI,ST,NA,NA,6,87.18,20.24,no,12.69,5,ZNP
Mizoram,2003,12,9,3,10,0,5,T. TUMSANGA,M,IND,728,NA,,9650,11069,TAWIPUI,ST,NA,NA,6,87.18,7.54,yes,3.33,5,IND
Mizoram,2003,12,9,3,10,0,6,LALCHUNGNUNGA,M,BJP,407,NA,,9650,11069,TAWIPUI,ST,NA,NA,6,87.18,4.22,yes,0,5,BJP
Mizoram,2003,12,9,3,11,0,1,C. LALRINSANGA,M,MNF,2592,NA,,7053,7923,VANVA,ST,NA,NA,5,89.02,36.75,no,4.83,3.12,MNF
Mizoram,2003,12,9,3,11,0,2,P. C. LALTHANLIANA,M,INC,2251,NA,,7053,7923,VANVA,ST,NA,NA,5,89.02,31.92,no,4.14,3.12,INC
Mizoram,2003,12,9,3,11,0,3,LALRINZUALA,M,MZPC,1959,NA,,7053,7923,VANVA,ST,NA,NA,5,89.02,27.78,no,24.78,3.12,MPC
Mizoram,2003,12,9,3,11,0,4,C. LIANMAWIA,M,BJP,211,NA,,7053,7923,VANVA,ST,NA,NA,5,89.02,2.99,yes,2.42,3.12,BJP
Mizoram,2003,12,9,3,11,0,5,R. D. LALRAMMAWIA,M,ZNP,40,NA,,7053,7923,VANVA,ST,NA,NA,5,89.02,0.57,yes,0,3.12,ZNP
Mizoram,2003,12,9,3,12,0,1,F. LALTHANZUALA,M,MZPC,2323,NA,,7722,9450,HNAHTHIAL,ST,NA,NA,4,81.71,30.08,no,5.89,4,MPC
Mizoram,2003,12,9,3,12,0,2,J. LALCHHUANA,M,ZNP,1868,NA,,7722,9450,HNAHTHIAL,ST,NA,NA,4,81.71,24.19,no,1.2,4,ZNP
Mizoram,2003,12,9,3,12,0,3,LALTHUAMA SAILO,M,MNF,1775,NA,,7722,9450,HNAHTHIAL,ST,NA,NA,4,81.71,22.99,no,0.25,4,MNF
Mizoram,2003,12,9,3,12,0,4,H. LALRUATA,M,INC,1756,NA,,7722,9450,HNAHTHIAL,ST,NA,NA,4,81.71,22.74,no,0,4,INC
Mizoram,2003,12,9,3,13,0,1,D.THANGLIANA,M,MNF,2635,NA,,7481,9351,NORTH VANLAIPHAI,ST,NA,NA,3,80,35.22,no,1.4,3.03,MNF
Mizoram,2003,12,9,3,13,0,2,LALKHAMA,M,INC,2530,NA,,7481,9351,NORTH VANLAIPHAI,ST,NA,NA,3,80,33.82,no,2.86,3.03,INC
Mizoram,2003,12,9,3,13,0,3,LALTHANSANGA,M,MZPC,2316,NA,,7481,9351,NORTH VANLAIPHAI,ST,NA,NA,3,80,30.96,no,0,3.03,MPC
Mizoram,2003,12,9,3,14,0,1,K. VANLALAUVA,M,MNF,2821,NA,,9599,11859,KHAWBUNG,ST,NA,NA,6,80.94,29.39,no,1.07,4.17,MNF
Mizoram,2003,12,9,3,14,0,2,B. ZALIANA,M,INC,2718,NA,,9599,11859,KHAWBUNG,ST,NA,NA,6,80.94,28.32,no,10.7,4.17,INC
Mizoram,2003,12,9,3,14,0,3,C. LALSANGLURA,M,ZNP,1691,NA,,9599,11859,KHAWBUNG,ST,NA,NA,6,80.94,17.62,no,1.19,4.17,ZNP
Mizoram,2003,12,9,3,14,0,4,B. THANGDAILOVA,M,MZPC,1577,NA,,9599,11859,KHAWBUNG,ST,NA,NA,6,80.94,16.43,yes,8.47,4.17,MPC
Mizoram,2003,12,9,3,14,0,5,LALTHLAMUANA HNAMTE,M,IND,764,NA,,9599,11859,KHAWBUNG,ST,NA,NA,6,80.94,7.96,yes,7.67,4.17,IND
Mizoram,2003,12,9,3,14,0,6,T. LALRUATKIMA,M,JD(U),28,NA,,9599,11859,KHAWBUNG,ST,NA,NA,6,80.94,0.29,yes,0,4.17,JD(U)
Mizoram,2003,12,9,3,15,0,1,ZORAMTHANGA,M,MNF,5664,NA,,15094,18657,CHAMPHAI,ST,NA,NA,5,80.9,37.52,no,1.76,2.94,MNF
Mizoram,2003,12,9,3,15,0,2,LAL THANHAWLA,M,INC,5399,NA,,15094,18657,CHAMPHAI,ST,NA,NA,5,80.9,35.77,no,9.52,2.94,INC
Mizoram,2003,12,9,3,15,0,3,C. THANGKHUMA,M,ZNP,3962,NA,,15094,18657,CHAMPHAI,ST,NA,NA,5,80.9,26.25,no,25.94,2.94,ZNP
Mizoram,2003,12,9,3,15,0,4,V. LALTHANSIAMA,M,JD(U),47,NA,,15094,18657,CHAMPHAI,ST,NA,NA,5,80.9,0.31,yes,0.17,2.94,JD(U)
Mizoram,2003,12,9,3,15,0,5,R. MALSAWMA,M,IND,22,NA,,15094,18657,CHAMPHAI,ST,NA,NA,5,80.9,0.15,yes,0,2.94,IND
Mizoram,2003,12,9,3,16,0,1,LALRINLIANA SAILO,M,INC,2270,NA,,6062,7495,KHAWHAI,ST,NA,NA,5,80.88,37.45,no,13.79,3.7,INC
Mizoram,2003,12,9,3,16,0,2,R. LALAWIA,M,MNF,1434,NA,,6062,7495,KHAWHAI,ST,NA,NA,5,80.88,23.66,no,2.69,3.7,MNF
Mizoram,2003,12,9,3,16,0,3,K. L. LIANCHIA,M,MZPC,1271,NA,,6062,7495,KHAWHAI,ST,NA,NA,5,80.88,20.97,no,3.35,3.7,MPC
Mizoram,2003,12,9,3,16,0,4,R. LALCHHUANA,M,ZNP,1068,NA,,6062,7495,KHAWHAI,ST,NA,NA,5,80.88,17.62,no,17.3,3.7,ZNP
Mizoram,2003,12,9,3,16,0,5,T. LALTHANPUIA,M,JD(U),19,NA,,6062,7495,KHAWHAI,ST,NA,NA,5,80.88,0.31,yes,0,3.7,JD(U)
Mizoram,2003,12,9,3,17,0,1,R. LALZIRLIANA,M,INC,2607,NA,,8455,9858,SAITUAL,ST,NA,NA,5,85.77,30.83,no,4.02,3.85,INC
Mizoram,2003,12,9,3,17,0,2,F. AITHANGA,M,MNF,2267,NA,,8455,9858,SAITUAL,ST,NA,NA,5,85.77,26.81,no,2.38,3.85,MNF
Mizoram,2003,12,9,3,17,0,3,H. THANGKIMA,M,MZPC,2066,NA,,8455,9858,SAITUAL,ST,NA,NA,5,85.77,24.44,no,6.75,3.85,MPC
Mizoram,2003,12,9,3,17,0,4,RUALKHUMA HMAR,M,ZNP,1495,NA,,8455,9858,SAITUAL,ST,NA,NA,5,85.77,17.68,no,17.45,3.85,ZNP
Mizoram,2003,12,9,3,17,0,5,SAKHAWLIANA,M,JD(U),20,NA,,8455,9858,SAITUAL,ST,NA,NA,5,85.77,0.24,yes,0,3.85,JD(U)
Mizoram,2003,12,9,3,18,0,1,ANDREW LALHERLIANA,M,ZNP,3127,NA,,9415,11490,KHAWZAWL,ST,NA,NA,4,81.94,33.21,no,0.21,3.57,ZNP
Mizoram,2003,12,9,3,18,0,2,SANGHMINGTHANGA H. PAUTU,M,MNF,3107,NA,,9415,11490,KHAWZAWL,ST,NA,NA,4,81.94,33,no,13.18,3.57,MNF
Mizoram,2003,12,9,3,18,0,3,P. C. LALDINTHARA,M,INC,1866,NA,,9415,11490,KHAWZAWL,ST,NA,NA,4,81.94,19.82,no,5.85,3.57,INC
Mizoram,2003,12,9,3,18,0,4,HMINGTHANGA,M,IND,1315,NA,,9415,11490,KHAWZAWL,ST,NA,NA,4,81.94,13.97,yes,0,3.57,IND
Mizoram,2003,12,9,3,19,0,1,H. ROHLUNA,M,INC,3347,NA,,10481,12796,NGOPA,ST,NA,NA,5,81.91,31.93,no,6.71,4.17,INC
Mizoram,2003,12,9,3,19,0,2,RUALCHHINA,M,MNF,2644,NA,,10481,12796,NGOPA,ST,NA,NA,5,81.91,25.23,no,2.01,4.17,MNF
Mizoram,2003,12,9,3,19,0,3,CLEMENT LALREMA,M,MZPC,2433,NA,,10481,12796,NGOPA,ST,NA,NA,5,81.91,23.21,no,4.81,4.17,MPC
Mizoram,2003,12,9,3,19,0,4,DALNGOVA,M,ZNP,1929,NA,,10481,12796,NGOPA,ST,NA,NA,5,81.91,18.4,no,17.18,4.17,ZNP
Mizoram,2003,12,9,3,19,0,5,BUANGTHANGPUII,F,JD(U),128,NA,,10481,12796,NGOPA,ST,NA,NA,5,81.91,1.22,yes,0,4.17,JD(U)
Mizoram,2003,12,9,3,20,0,1,H. LALSANGZUALA,M,HPC,2195,NA,,3014,7816,SUANGPUILAWN,ST,NA,NA,6,38.56,72.83,no,61.15,1.82,HPC
Mizoram,2003,12,9,3,20,0,2,VANINMAWIA,M,MNF,352,NA,,3014,7816,SUANGPUILAWN,ST,NA,NA,6,38.56,11.68,yes,4.35,1.82,MNF
Mizoram,2003,12,9,3,20,0,3,DR NGURDINGLIANA,M,INC,221,NA,,3014,7816,SUANGPUILAWN,ST,NA,NA,6,38.56,7.33,yes,0.9,1.82,INC
Mizoram,2003,12,9,3,20,0,4,H. LALTANPUIA,M,MZPC,194,NA,,3014,7816,SUANGPUILAWN,ST,NA,NA,6,38.56,6.44,yes,4.94,1.82,MPC
Mizoram,2003,12,9,3,20,0,5,C. RAMKINLOVA,M,JD(U),45,NA,,3014,7816,SUANGPUILAWN,ST,NA,NA,6,38.56,1.49,yes,1.26,1.82,JD(U)
Mizoram,2003,12,9,3,20,0,6,A. SIAMA,M,CPI,7,NA,,3014,7816,SUANGPUILAWN,ST,NA,NA,6,38.56,0.23,yes,0,1.82,CPI
Mizoram,2003,12,9,3,21,0,1,LALDUHAWMA,M,ZNP,3745,NA,,10424,13206,RATU,ST,NA,NA,5,78.93,35.93,no,2.26,3.03,ZNP
Mizoram,2003,12,9,3,21,0,2,LALTHANKUNGA,M,MNF,3509,NA,,10424,13206,RATU,ST,NA,NA,5,78.93,33.66,no,3.88,3.03,MNF
Mizoram,2003,12,9,3,21,0,3,P. VANLALVUANA,M,INC,3105,NA,,10424,13206,RATU,ST,NA,NA,5,78.93,29.79,no,29.4,3.03,INC
Mizoram,2003,12,9,3,21,0,4,TLANGDINGLIANA,M,EU,40,NA,,10424,13206,RATU,ST,NA,NA,5,78.93,0.38,yes,0.14,3.03,EU
Mizoram,2003,12,9,3,21,0,5,C. LALROCHUNGA,M,JD(U),25,NA,,10424,13206,RATU,ST,NA,NA,5,78.93,0.24,yes,0,3.03,JD(U)
Mizoram,2003,12,9,3,22,0,1,SAILOTHANGA SAILO,M,MZPC,4163,NA,,10627,12969,KAWNPUI,ST,NA,NA,4,81.94,39.17,no,5.25,2.94,MPC
Mizoram,2003,12,9,3,22,0,2,F. MALSAWMA,M,MNF,3605,NA,,10627,12969,KAWNPUI,ST,NA,NA,4,81.94,33.92,no,7.46,2.94,MNF
Mizoram,2003,12,9,3,22,0,3,R. THANGLIANA,M,INC,2812,NA,,10627,12969,KAWNPUI,ST,NA,NA,4,81.94,26.46,no,26.02,2.94,INC
Mizoram,2003,12,9,3,22,0,4,ZOKHAWLIANA,M,JD(U),47,NA,,10627,12969,KAWNPUI,ST,NA,NA,4,81.94,0.44,yes,0,2.94,JD(U)
Mizoram,2003,12,9,3,23,0,1,ZORAMTHANGA,M,MNF,3702,NA,,10849,13377,KOLASIB,ST,NA,NA,4,81.1,34.12,no,0.85,3.03,MNF
Mizoram,2003,12,9,3,23,0,2,C. LALBIAKTHANGA,M,MZPC,3610,NA,,10849,13377,KOLASIB,ST,NA,NA,4,81.1,33.27,no,1.26,3.03,MPC
Mizoram,2003,12,9,3,23,0,3,P. C. ZORAMSANGLIANA,M,INC,3473,NA,,10849,13377,KOLASIB,ST,NA,NA,4,81.1,32.01,no,31.42,3.03,INC
Mizoram,2003,12,9,3,23,0,4,F. THANGKIMA,M,JD(U),64,NA,,10849,13377,KOLASIB,ST,NA,NA,4,81.1,0.59,yes,0,3.03,JD(U)
Mizoram,2004,12,9,3,23,1,1,K.Lalrinliana,M,MNF,6113,NA,,10932,549959,Kolasib(ST),ST,NA,NA,2,1.99,55.92,no,11.84,2,MNF
Mizoram,2004,12,9,3,23,1,2,C.Lalbiakthanga,M,IND,4819,NA,,10932,549959,Kolasib(ST),ST,NA,NA,2,1.99,44.08,no,0,2,IND
Mizoram,2003,12,9,3,24,0,1,LALCHAMLIANA,M,MNF,3191,NA,,8561,10058,BILKHAWTHLIR,ST,NA,NA,4,85.12,37.27,no,3.04,2.94,MNF
Mizoram,2003,12,9,3,24,0,2,H. L. HLUNA,M,ZNP,2931,NA,,8561,10058,BILKHAWTHLIR,ST,NA,NA,4,85.12,34.24,no,6.73,2.94,ZNP
Mizoram,2003,12,9,3,24,0,3,ZOTHANKIMI,F,INC,2355,NA,,8561,10058,BILKHAWTHLIR,ST,NA,NA,4,85.12,27.51,no,26.53,2.94,INC
Mizoram,2003,12,9,3,24,0,4,H. B. THANKHUMA,M,JD(U),84,NA,,8561,10058,BILKHAWTHLIR,ST,NA,NA,4,85.12,0.98,yes,0,2.94,JD(U)
Mizoram,2003,12,9,3,25,0,1,TAWNLUIA,M,MNF,2472,NA,,6011,7334,LOKICHERRA,ST,NA,NA,4,81.96,41.12,no,4.71,2.94,MNF
Mizoram,2003,12,9,3,25,0,2,H. LALENVELA,M,INC,2189,NA,,6011,7334,LOKICHERRA,ST,NA,NA,4,81.96,36.42,no,15.24,2.94,INC
Mizoram,2003,12,9,3,25,0,3,LALHMANGAIHA,M,MZPC,1273,NA,,6011,7334,LOKICHERRA,ST,NA,NA,4,81.96,21.18,no,19.9,2.94,MPC
Mizoram,2003,12,9,3,25,0,4,D. LALTHANKHUMA,M,JD(U),77,NA,,6011,7334,LOKICHERRA,ST,NA,NA,4,81.96,1.28,yes,0,2.94,JD(U)
Mizoram,2003,12,9,3,26,0,1,SAIKAPTHIANGA,M,INC,2459,NA,,5911,7557,KAWRTHAH,ST,NA,NA,5,78.22,41.6,no,3.89,2.94,INC
Mizoram,2003,12,9,3,26,0,2,R. C. THANGA,M,MNF,2229,NA,,5911,7557,KAWRTHAH,ST,NA,NA,5,78.22,37.71,no,21.32,2.94,MNF
Mizoram,2003,12,9,3,26,0,3,H. HMINGTHANZAMI,F,ZNP,969,NA,,5911,7557,KAWRTHAH,ST,NA,NA,5,78.22,16.39,yes,13.06,2.94,ZNP
Mizoram,2003,12,9,3,26,0,4,F. DENGBUAIA,M,BJP,197,NA,,5911,7557,KAWRTHAH,ST,NA,NA,5,78.22,3.33,yes,2.37,2.94,BJP
Mizoram,2003,12,9,3,26,0,5,LALAWMPUIA KHIANGTE,M,JD(U),57,NA,,5911,7557,KAWRTHAH,ST,NA,NA,5,78.22,0.96,yes,0,2.94,JD(U)
Mizoram,2005,12,9,3,26,1,1,Saikapthianga,M,IND,4480,NA,,7720,9413,Kawrthah,ST,NA,NA,2,82.01,58.03,no,16.06,1.92,IND
Mizoram,2005,12,9,3,26,1,2,Lalrinmawia Ralte,M,INC,3240,NA,,7720,9413,Kawrthah,ST,NA,NA,2,82.01,41.97,no,0,1.92,INC
Mizoram,2003,12,9,3,27,0,1,LALTHLENGLIANA,M,MNF,2805,NA,,7983,9875,MAMIT,ST,NA,NA,4,80.84,35.14,no,2.09,3.03,MNF
Mizoram,2003,12,9,3,27,0,2,JOHN ROTLUANGLIANA,M,INC,2638,NA,,7983,9875,MAMIT,ST,NA,NA,4,80.84,33.05,no,1.8,3.03,INC
Mizoram,2003,12,9,3,27,0,3,K. L. BEREMA,M,MZPC,2494,NA,,7983,9875,MAMIT,ST,NA,NA,4,80.84,31.24,no,30.67,3.03,MPC
Mizoram,2003,12,9,3,27,0,4,HAULIANA,M,JD(U),46,NA,,7983,9875,MAMIT,ST,NA,NA,4,80.84,0.58,yes,0,3.03,JD(U)
Mizoram,2003,12,9,3,28,0,1,LIANSUAMA,M,INC,3788,NA,,10274,12862,PHULDUNGSEI,ST,NA,NA,6,79.88,36.87,no,0.22,3.33,INC
Mizoram,2003,12,9,3,28,0,2,J. LALTHANGLIANA,M,MNF,3765,NA,,10274,12862,PHULDUNGSEI,ST,NA,NA,6,79.88,36.65,no,18.65,3.33,MNF
Mizoram,2003,12,9,3,28,0,3,K. THANGZUALA,M,ZNP,1849,NA,,10274,12862,PHULDUNGSEI,ST,NA,NA,6,79.88,18,no,11.34,3.33,ZNP
Mizoram,2003,12,9,3,28,0,4,VANLALNGAIA,M,BJP,684,NA,,10274,12862,PHULDUNGSEI,ST,NA,NA,6,79.88,6.66,yes,5.72,3.33,BJP
Mizoram,2003,12,9,3,28,0,5,C. LALZAMLOVA,M,MZPC,96,NA,,10274,12862,PHULDUNGSEI,ST,NA,NA,6,79.88,0.93,yes,0.04,3.33,MPC
Mizoram,2003,12,9,3,28,0,6,K. LALNUNTLUANGA,M,JD(U),92,NA,,10274,12862,PHULDUNGSEI,ST,NA,NA,6,79.88,0.9,yes,0,3.33,JD(U)
Mizoram,2005,12,9,3,28,1,1,Liansuama,M,IND,6052,NA,,11009,13813,Phuldungsei,ST,NA,NA,5,79.7,54.97,no,17.69,2.27,IND
Mizoram,2005,12,9,3,28,1,2,Lalrobiaka,M,INC,4104,NA,,11009,13813,Phuldungsei,ST,NA,NA,5,79.7,37.28,no,32.45,2.27,INC
Mizoram,2005,12,9,3,28,1,3,Lal Hermawia,M,IND,532,NA,,11009,13813,Phuldungsei,ST,NA,NA,5,79.7,4.83,yes,3.25,2.27,IND
Mizoram,2005,12,9,3,28,1,4,Lal Lungmuana,M,IND,174,NA,,11009,13813,Phuldungsei,ST,NA,NA,5,79.7,1.58,yes,0.25,2.27,IND
Mizoram,2005,12,9,3,28,1,5,K.Thangzuala,M,IND,147,NA,,11009,13813,Phuldungsei,ST,NA,NA,5,79.7,1.34,yes,0,2.27,IND
Mizoram,2003,12,9,3,29,0,1,B. LALTHLENGLIANA,M,MNF,3882,NA,,10189,11857,SATEEK,ST,NA,NA,5,85.93,38.1,no,1.65,2.94,MNF
Mizoram,2003,12,9,3,29,0,2,K. S. THANGA,M,INC,3714,NA,,10189,11857,SATEEK,ST,NA,NA,5,85.93,36.45,no,11.83,2.94,INC
Mizoram,2003,12,9,3,29,0,3,ROKHAWMTHANGA,M,ZNP,2509,NA,,10189,11857,SATEEK,ST,NA,NA,5,85.93,24.62,no,23.95,2.94,ZNP
Mizoram,2003,12,9,3,29,0,4,VANLALHLIRA,M,JD(U),69,NA,,10189,11857,SATEEK,ST,NA,NA,5,85.93,0.68,yes,0.53,2.94,JD(U)
Mizoram,2003,12,9,3,29,0,5,ZAILIANA,M,EU,15,NA,,10189,11857,SATEEK,ST,NA,NA,5,85.93,0.15,yes,0,2.94,EU
Mizoram,2003,12,9,3,30,0,1,LAL THANHAWLA,M,INC,4937,NA,,12485,15568,SERCHHIP,ST,NA,NA,3,80.2,39.54,no,7.42,2.94,INC
Mizoram,2003,12,9,3,30,0,2,J. SAWILAIA,M,IND,4010,NA,,12485,15568,SERCHHIP,ST,NA,NA,3,80.2,32.12,no,3.78,2.94,IND
Mizoram,2003,12,9,3,30,0,3,C. LALRAMZAUVA,M,ZNP,3538,NA,,12485,15568,SERCHHIP,ST,NA,NA,3,80.2,28.34,no,0,2.94,ZNP
Mizoram,2003,12,9,3,31,0,1,K. LIANZUALA,M,INC,2947,NA,,9211,10813,LUNGPHO,ST,NA,NA,6,85.18,31.99,no,3.69,4,INC
Mizoram,2003,12,9,3,31,0,2,VANLALHLANA,M,MZPC,2607,NA,,9211,10813,LUNGPHO,ST,NA,NA,6,85.18,28.3,no,4.96,4,MPC
Mizoram,2003,12,9,3,31,0,3,K. LALNUNMAWIA,M,MNF,2150,NA,,9211,10813,LUNGPHO,ST,NA,NA,6,85.18,23.34,no,7.63,4,MNF
Mizoram,2003,12,9,3,31,0,4,VANLALENMAWIA,M,ZNP,1447,NA,,9211,10813,LUNGPHO,ST,NA,NA,6,85.18,15.71,yes,15.34,4,ZNP
Mizoram,2003,12,9,3,31,0,5,LALCHHUANA,M,JD(U),34,NA,,9211,10813,LUNGPHO,ST,NA,NA,6,85.18,0.37,yes,0.09,4,JD(U)
Mizoram,2003,12,9,3,31,0,6,L. R. ENGMAWIA,M,IND,26,NA,,9211,10813,LUNGPHO,ST,NA,NA,6,85.18,0.28,yes,0,4,IND
Mizoram,2003,12,9,3,32,0,1,SAINGHAKA,M,INC,2712,NA,,8803,10466,TLUNGVEL,ST,NA,NA,5,84.11,30.81,no,4.66,4,INC
Mizoram,2003,12,9,3,32,0,2,LALTHANGLIANA,M,MZPC,2302,NA,,8803,10466,TLUNGVEL,ST,NA,NA,5,84.11,26.15,no,1.16,4,MPC
Mizoram,2003,12,9,3,32,0,3,LALCHHANDAMA RALTE,M,MNF,2200,NA,,8803,10466,TLUNGVEL,ST,NA,NA,5,84.11,24.99,no,7.15,4,MNF
Mizoram,2003,12,9,3,32,0,4,LALBIAKZAMA,M,ZNP,1571,NA,,8803,10466,TLUNGVEL,ST,NA,NA,5,84.11,17.85,no,17.64,4,ZNP
Mizoram,2003,12,9,3,32,0,5,LALTHARZUALA,M,CPI,18,NA,,8803,10466,TLUNGVEL,ST,NA,NA,5,84.11,0.2,yes,0,4,CPI
Mizoram,2006,12,9,3,32,1,1,LALCHHANDAMA RALTE,M,MNF,4692,NA,,9278,11395,Tlungvel(ST),ST,NA,NA,3,81.42,50.57,no,12.37,2.38,MNF
Mizoram,2006,12,9,3,32,1,2,LALTHANLIANA,M,IND,3544,NA,,9278,11395,Tlungvel(ST),ST,NA,NA,3,81.42,38.2,no,26.97,2.38,IND
Mizoram,2006,12,9,3,32,1,3,RUALKHUMA HMAR,M,ZNP,1042,NA,,9278,11395,Tlungvel(ST),ST,NA,NA,3,81.42,11.23,yes,0,2.38,ZNP
Mizoram,2003,12,9,3,33,0,1,DR LALZAMA,M,MNF,4853,NA,,13781,17360,AIZAWL NORTH-I,ST,NA,NA,6,79.38,35.22,no,2.5,3.12,MNF
Mizoram,2003,12,9,3,33,0,2,V. LAICHHINGA,M,MZPC,4509,NA,,13781,17360,AIZAWL NORTH-I,ST,NA,NA,6,79.38,32.72,no,2.14,3.12,MPC
Mizoram,2003,12,9,3,33,0,3,C. LALRUATA,M,INC,4214,NA,,13781,17360,AIZAWL NORTH-I,ST,NA,NA,6,79.38,30.58,no,29.68,3.12,INC
Mizoram,2003,12,9,3,33,0,4,RUALPAWLA,M,IND,124,NA,,13781,17360,AIZAWL NORTH-I,ST,NA,NA,6,79.38,0.9,yes,0.46,3.12,IND
Mizoram,2003,12,9,3,33,0,5,A. SIAMA,M,CPI,61,NA,,13781,17360,AIZAWL NORTH-I,ST,NA,NA,6,79.38,0.44,yes,0.3,3.12,CPI
Mizoram,2003,12,9,3,33,0,6,LALLAWMSANGA,M,JD(U),20,NA,,13781,17360,AIZAWL NORTH-I,ST,NA,NA,6,79.38,0.15,yes,0,3.12,JD(U)
Mizoram,2003,12,9,3,34,0,1,H. LIANSAILOVA,M,INC,4743,NA,,16414,22669,AIZAWL NORTH II,ST,NA,NA,7,72.41,28.9,no,1.19,4,INC
Mizoram,2003,12,9,3,34,0,2,C. SANGZUALA,M,MNF,4548,NA,,16414,22669,AIZAWL NORTH II,ST,NA,NA,7,72.41,27.71,no,5.75,4,MNF
Mizoram,2003,12,9,3,34,0,3,P. B. ROSANGA,M,MZPC,3605,NA,,16414,22669,AIZAWL NORTH II,ST,NA,NA,7,72.41,21.96,no,1.89,4,MPC
Mizoram,2003,12,9,3,34,0,4,R. RONGENGA,M,ZNP,3294,NA,,16414,22669,AIZAWL NORTH II,ST,NA,NA,7,72.41,20.07,no,19.01,4,ZNP
Mizoram,2003,12,9,3,34,0,5,K. ZODINMAWIA,M,BJP,173,NA,,16414,22669,AIZAWL NORTH II,ST,NA,NA,7,72.41,1.05,yes,0.82,4,BJP
Mizoram,2003,12,9,3,34,0,6,C. LALENGZUALA,M,CPI,38,NA,,16414,22669,AIZAWL NORTH II,ST,NA,NA,7,72.41,0.23,yes,0.15,4,CPI
Mizoram,2003,12,9,3,34,0,7,NGURBIAKI,F,JD(U),13,NA,,16414,22669,AIZAWL NORTH II,ST,NA,NA,7,72.41,0.08,yes,0,4,JD(U)
Mizoram,2003,12,9,3,35,0,1,K. SANGTHUAMA,M,MNF,4034,NA,,11784,16577,AIZAWL EAST-I,ST,NA,NA,4,71.09,34.23,no,0.48,3.03,MNF
Mizoram,2003,12,9,3,35,0,2,ZAIREMTHANGA,M,MZPC,3978,NA,,11784,16577,AIZAWL EAST-I,ST,NA,NA,4,71.09,33.76,no,2.1,3.03,MPC
Mizoram,2003,12,9,3,35,0,3,F. LALREMSIAMA,M,INC,3731,NA,,11784,16577,AIZAWL EAST-I,ST,NA,NA,4,71.09,31.66,no,31.31,3.03,INC
Mizoram,2003,12,9,3,35,0,4,LALFAKAWMA,M,JD(U),41,NA,,11784,16577,AIZAWL EAST-I,ST,NA,NA,4,71.09,0.35,yes,0,3.03,JD(U)
Mizoram,2003,12,9,3,36,0,1,H. VANLALAUVA,M,MNF,3454,NA,,9828,13710,AIZAWL EAST-II,ST,NA,NA,3,71.68,35.14,no,2.41,3.03,MNF
Mizoram,2003,12,9,3,36,0,2,ZOSIAMA PACHUAU,M,INC,3217,NA,,9828,13710,AIZAWL EAST-II,ST,NA,NA,3,71.68,32.73,no,0.61,3.03,INC
Mizoram,2003,12,9,3,36,0,3,LALTHANMAWIA,M,ZNP,3157,NA,,9828,13710,AIZAWL EAST-II,ST,NA,NA,3,71.68,32.12,no,0,3.03,ZNP
Mizoram,2003,12,9,3,37,0,1,AICHHINGA,M,MNF,4608,NA,,16345,21907,AIZAWL WEST I,ST,NA,NA,5,74.61,28.19,no,1.47,4,MNF
Mizoram,2003,12,9,3,37,0,2,COL. LALCHUNGNUNGA SAILO,M,MZPC,4367,NA,,16345,21907,AIZAWL WEST I,ST,NA,NA,5,74.61,26.72,no,2.47,4,MPC
Mizoram,2003,12,9,3,37,0,3,LALSAWTA,M,INC,3964,NA,,16345,21907,AIZAWL WEST I,ST,NA,NA,5,74.61,24.25,no,4.46,4,INC
Mizoram,2003,12,9,3,37,0,4,DR C. T. TLUANGA,M,ZNP,3235,NA,,16345,21907,AIZAWL WEST I,ST,NA,NA,5,74.61,19.79,no,18.75,4,ZNP
Mizoram,2003,12,9,3,37,0,5,LALAWMPUIA KHIANGTE,M,JD(U),171,NA,,16345,21907,AIZAWL WEST I,ST,NA,NA,5,74.61,1.05,yes,0,4,JD(U)
Mizoram,2003,12,9,3,38,0,1,LALRINCHHANA,M,MNF,5170,NA,,17330,22418,AIZAWL WEST-II,ST,NA,NA,5,77.3,29.83,no,3.14,3.85,MNF
Mizoram,2003,12,9,3,38,0,2,ZOTHANTLUANGA,M,INC,4626,NA,,17330,22418,AIZAWL WEST-II,ST,NA,NA,5,77.3,26.69,no,0.06,3.85,INC
Mizoram,2003,12,9,3,38,0,3,LALFAKZUALA,M,MZPC,4615,NA,,17330,22418,AIZAWL WEST-II,ST,NA,NA,5,77.3,26.63,no,10.1,3.85,MPC
Mizoram,2003,12,9,3,38,0,4,MALSAWMLIANA,M,ZNP,2864,NA,,17330,22418,AIZAWL WEST-II,ST,NA,NA,5,77.3,16.53,yes,16.21,3.85,ZNP
Mizoram,2003,12,9,3,38,0,5,AV. PAKUNGA,M,JD(U),55,NA,,17330,22418,AIZAWL WEST-II,ST,NA,NA,5,77.3,0.32,yes,0,3.85,JD(U)
Mizoram,2003,12,9,3,39,0,1,R. TLANGHMINGTHANGA,M,MNF,5312,NA,,14263,18817,AIZAWL SOUTH - I,ST,NA,NA,4,75.8,37.24,no,3.77,3.03,MNF
Mizoram,2003,12,9,3,39,0,2,K. LIANTLINGA,M,ZNP,4774,NA,,14263,18817,AIZAWL SOUTH - I,ST,NA,NA,4,75.8,33.47,no,4.66,3.03,ZNP
Mizoram,2003,12,9,3,39,0,3,HIPHEI,M,INC,4109,NA,,14263,18817,AIZAWL SOUTH - I,ST,NA,NA,4,75.8,28.81,no,28.33,3.03,INC
Mizoram,2003,12,9,3,39,0,4,K. ZODINGLIANI,F,EU,68,NA,,14263,18817,AIZAWL SOUTH - I,ST,NA,NA,4,75.8,0.48,yes,0,3.03,EU
Mizoram,2003,12,9,3,40,0,1,R. KHAWPUITHANGA,M,MNF,4804,NA,,14500,18985,AIZAWL SOUTH - II,ST,NA,NA,5,76.38,33.13,no,2.79,3.57,MNF
Mizoram,2003,12,9,3,40,0,2,LALDUHAWMA,M,ZNP,4400,NA,,14500,18985,AIZAWL SOUTH - II,ST,NA,NA,5,76.38,30.34,no,3.36,3.57,ZNP
Mizoram,2003,12,9,3,40,0,3,TLANGLAWMA,M,INC,3913,NA,,14500,18985,AIZAWL SOUTH - II,ST,NA,NA,5,76.38,26.99,no,17.65,3.57,INC
Mizoram,2003,12,9,3,40,0,4,K. ROCHHINGA,M,MZPC,1354,NA,,14500,18985,AIZAWL SOUTH - II,ST,NA,NA,5,76.38,9.34,yes,9.14,3.57,MPC
Mizoram,2003,12,9,3,40,0,5,C. ROMUANA,M,JD(U),29,NA,,14500,18985,AIZAWL SOUTH - II,ST,NA,NA,5,76.38,0.2,yes,0,3.57,JD(U)
